timestamp,language,question,answer
2026-01-07T16:08:38.899311,en,microphone nahin lagaya uske,Cardiology Unit-1
2026-01-07T16:08:41.789769,hi,वही हो तो अच्छा है,कृपया अपने लक्षण विवरण और लक्षणों के अनुसार एक उपयोगकर्ता अनुरोध प्रस्तुत करें ताकि मैं आपका सही विभाग का सुझाव दे सकूँ।
2026-01-07T16:08:58.020786,en,aur uska problem,Cardiology Unit-2
2026-01-07T16:09:03.138339,en,pahunch gaye sar mandir,Surgical Gastroenterology
2026-01-07T16:09:09.305782,en,that's right second,Cardiology Unit-2
2026-01-07T16:09:19.613961,te,నేను ఇప్పుడు ఫోన్,మా హాస్పిటల్‌లో మీకు సహాయం చేయడానికి మమ్మల్ని ఒక స్నేహితుడిగా స్పష్టం చేయడానికి అనుమత
2026-01-07T16:09:39.501969,te,నేను వాడికి నెంబర్ ఆఫ్,కార్డియాలజీ యూనిట్-1
2026-01-07T16:10:59.715383,te,కీబోర్డ్ ఇంటర్నేషనల్,"నివేదించిన లక్షణాలను అందించిన జాబితా నుండి మాకు చాలా చాలా వివరాలు కనుగొనబడ్డాయి

అభ్య"
2026-01-07T16:11:03.053980,te,కీబోర్డ్ ఇంటర్,"కీబోర్డ్ ఇంటర్

కీబోర్డ్ ఇంటర్ అనేది శరీరంలో పెదవి, గుడ్లలోని కండరాలు మరియు నాడీ కణజాలం"
2026-01-07T16:11:06.897370,hi,अब क्या हुआ क्या मालूम,"आपके साथ कुछ गंभीर लक्षण आ गए हैं जैसे कि सांस फूलना, तेज़ सीने, बाजू में दर्द, दिल की धड़कन और बीमार होने पर शरीर में लगातार दर्द। क्या आप इन लक्षणों और प्रारंभिक जानकारी के साथ ही।"
2026-01-07T16:11:12.311642,te,ఓయ్ ఆన్ కరెంట్ పిన్ కోడ్ నెంబర్,"గ్రౌండ్ ఫ్లోర్, గది నం 2,4,6"
2026-01-07T16:11:29.559133,en,yaar band ho ja band ho ja band ho ja,Cardiology Unit-1
2026-01-07T16:11:32.410341,en,aur koi sandesh,Cardiology Unit-2 (Dr. B. Srinivas)
2026-01-07T16:11:36.112095,hi,स्टॉप करना है नहीं करना,"मुझे खेद है, लेकिन मैं समझ नहीं सका कि आप क्या कहना चाहते हैं। कृपया अपना प्रश्न फिर से पूछें ताकि मैं आपकी सहायता कर सकूं।"
2026-01-07T16:11:39.469009,en,mobile ka ringtone,Cardiology Unit-1
2026-01-07T16:11:42.606461,en,apne aap close ho gaya tha,Cardiology Unit-1
2026-01-07T16:11:45.300408,en,madhumakkhi,I couldn't find any information about the specific symptom 'madhumakkhi'.
2026-01-07T16:11:59.911928,en,code,Neurology
2026-01-07T16:12:07.610766,te,కూచిపూడి నేమ్ కరువు,"కూచిపూడి కరువు

కార్డియాలజీ యూనిట్-1, గ్రౌండ్ ఫ్లోర్, గది నం 2,4,6 - డాక్టర్లు సై సతీష్ గారిక"
2026-01-07T16:12:10.962226,hi,डेस्टिनेशन है उसमें में फाइल रन,"माफ़ कीजिये, लेकिन आपकी डेस्टिनेशन ""फाइल रन"" को अस्पताल के विभागों के साथ मैच करना लगभग असंभव है। क्या आप कुछ और बता सकते हैं जैसे लक्षण, समस्या या विशिष्ट स्थिति जिसे आप देख रहे हैं? इससे मैं आपको अधिक सटीक जानकारी प्रदान कर सकूंगा।"
2026-01-07T16:26:10.254469,en,how can i help you,Department: Vascular Surgery
2026-01-07T16:26:15.955128,te,వాస్క్యులర్,"విభాగం: వాస్కులర్ సర్జరీ
డాక్టర్: డాక్టర్ సందీప్ మహాపట్ర
జాబితా స్థానం: 5వ అంతస్తు, గది"
2026-01-07T16:26:34.415750,te,విభాగం వాస్కులర్ సర్జరీ డాక్టర్ సందీప్ మహా పడిన జాబితా స్థానం ఐదో అంతస్తు గది,"విభాగం పేరు వాస్కులర్ సర్జరీ, డాక్టర్ పేరు Dr. Sandeep Mahapatra, మరియు చిరునామా 5వ అంతస్తు, గది నం 501."
2026-01-07T16:27:06.197012,te,నేను కంటి విభాగాన్ని సందర్శించా,"కంటి విభాగం కోసం మేము లక్షణాల క్రింద పేర్కొన్న సమాచారం లేదు. అయినప్పటికీ, ఆరోగ్య సంక్షో"
2026-01-07T16:27:26.047573,te,లక్షణాల క్రింద పేర్కొన్న సమాచారం లేదు అయినప్పటికీ ఆరోగ్య సంక్షో,ఆరోగ్య సంక్షోభ సమాచారం లేదు.
2026-01-07T16:27:40.173991,te,సమాచారం లేదు,"వినియోగదారు నివేదించిన లక్షణాలు దిగుబడి చూపబడలేదు. సమాచారాన్ని అందించి, వినియోగదారు"
2026-01-07T17:19:04.472370,en,how can i help you,Cardiology Unit-1
2026-01-07T17:19:13.938255,en,bahar ka environment,Surgical Gastroenterology
2026-01-07T17:24:55.928780,en,naya model box on the wire,Cardiology Unit-1
2026-01-07T17:25:11.276994,en,what time it is also displaying the video cam what is as well and i have removed the how many people,I cannot provide medical advice. Please consult a doctor.
2026-01-07T17:25:43.781860,hi,अभी टच करता है,"स्थिति के आधार पर, मैं सूची से सबसे प्रासंगिक विभाग के रूप में Cardiology Unit-1 की जानकारी निम्नलिखित है:

- विभाग: Cardiology Unit-1
- डॉक्टर: Dr. O. Sai Satish
- स्थान: ग्राउंड फ्लोर, कमरा नंबर 2, 4, 6"
2026-01-07T17:26:13.575844,te,సాయి సతీష్ స్థానం గ్రౌండ్ ఫ్లోర్ కెమెరా నెంబర్తో చాట్ చెయ్,"గ్రౌండ్ ఫ్లోర్ కెమెరా నెంబర్ 2,4,6"
2026-01-07T17:26:27.145325,te,నాలుగు ఆరు,"కార్డియాలజీ యూనిట్-4

శాఖ: కార్డియాలజీ యూనిట్-4
డాక్టర్ పేరు: డాక్టర్ ఎం. జ్యోత్స్న
స్థా"
2026-01-07T17:26:43.857276,te,కానీ జ్యోతిష,మేము గుర్తించలేము.
2026-01-07T17:26:48.414514,te,గుర్తించ,"సమాచారంతో ప్రతిస్పందించడానికి మీకు ఏమి అవసరం అని మీ ప్రశ్న అడుగుతోంది.

వినియోగదారు ని"
2026-01-07T17:27:00.802973,hi,विनियोग गद्दारी,"कार्डियोलोजी यूनिट-2
विभाग: कार्डियोलोजी यूनिट-2
डॉक्टर: डॉ. B. Srinivas
स्थान: ग्राउंड फ्लोर, कमरा नंबर 3,5"
2026-01-07T17:27:36.847039,en,hello,Please report your symptoms for department matching.
2026-01-07T17:27:46.696209,te,అను కాలేజీ డిపార్ట్మెంట్,మీరు హాస్పిటల్ నావిగేషన్ అసిస్టెంట్. వినియోగదారు నివేదించిన కాలేజీ డిపార్ట్మెంట్ వి
2026-01-07T17:27:57.593296,en,viniyog gaddaron nivedan college department me,Medical Gastroenterology
2026-01-07T17:28:10.153677,hi,मेडिकल गैस्ट्रोएनोलोजी डिपार्मेंट कहाँ पर है,"5वीं मंजिल, कमरा नंबर 502"
2026-01-07T17:28:21.604686,hi,डॉक्टर का नाम पूछ सकता है,कृपया डॉक्टर का नाम बताएं जिससे मैं सही विभाग को सूचित कर सकूँ।
2026-01-07T17:28:36.708232,en,doctor ka naam vah batane ka,"Pregnancy symptoms reported: 
Department: Obstetrics and Gynecology (Not Found)
Department: Maternal Fetal Medicine (Not Found)
Department: Urology"
2026-01-07T17:29:02.124978,en,pharmacy,No department matches the provided symptom: 'pharmacy'
2026-01-07T17:29:25.450155,te,గ్యాస్ట్రో నామి,మెడికల్ గ్యాస్ట్రోఎంటరాలజీ
2026-01-07T17:29:37.548162,te,మెడికల్ గ్యాస్ట్రోఎంటరాలజీ,"విభాగం పేరు మెడికల్ గ్యాస్ట్రోఎంటరాలజీ, డాక్టర్ పేరు Dr. Y. Satyanarayana Raju, మరియు చిరునామా 5వ అంతస్తు, గది నం 502."
2026-01-07T17:29:59.938521,en,main hindi mein poochh raha hun telugu,Cardiology Unit-2- Dr. B. Srinivas
2026-01-07T17:30:19.131095,en,abhi cardiology kyon aaya tha,"- Department: Cardiology Unit-4, Doctor: Dr. M. Jyotsna, Location: Ground floor, room no 2,4,6"
2026-01-07T17:30:34.014326,hi,कार्डियोलॉजी में ज्यादा कीबोर्ड,"कार्डियोलॉजी विभाग:
Department: Cardiology Unit-1, Doctor: Dr. O. Sai Satish, Location: ग्राउंड फ्लोर, कमरा नंबर 2,4,6
Department: Cardiology Unit-2, Doctor: Dr. B. Srinivas, Location: ग्राउंड फ्लोर, कमरा नंबर 3,5
Department: Cardiology Unit-3, Doctor: Dr. N. Rama Kumari, Location: ग्राउंड फ्लोर, कमरा नंबर 3,5
Department: Cardiology Unit-4, Doctor: Dr. M. Jyotsna, Location:"
2026-01-08T11:26:25.162271,te,కర్ణాటక,"అలాగే! కేరళ కాదన్నా, మిగతా అంశాలు మాత్రం నాకు తెలిసాయి."
2026-01-08T11:26:43.994511,en,ladiss ke piche,ENT
2026-01-08T11:26:54.320636,te,ఆంకాలజీ విభాగం ఎక్కడ ఉంది,క్యాన్సర్ బ్లాక్
2026-01-08T11:26:59.974382,te,హాయ్ గూగుల్,సారంగా ఉండండి. వినియోగదారు నివేదించిన లక్షణాలను అందించిన జాబితా నుండి అత్యంత సంబంధిత
2026-01-08T11:27:16.501663,te,భాగం ఎక్కడ ఉంది,Location is not భాగం as per your question so the answer will not contain location details.
2026-01-08T11:27:47.033100,te,చర్మ వ్యాధి విభాగం ఎక్కడ ఉంది,చర్మ వ్యాధి విభాగం ఓపీడి బ్లాక్‌లో ఉంది.
2026-01-08T11:30:21.100225,en,how can i help you,General Medicine
2026-01-08T11:30:26.013536,en,general medicine,"General Medicine, Consultant Physician, OPD Block, Ground Floor"
2026-01-08T11:30:39.455276,te,చర్మవ్యాధి విభాగం ఎక్కడ ఉంది,చర్మవ్యాధి విభాగం చర్మ ఓపీడిలో ఉంది.
2026-01-08T11:31:06.271317,te,క్యాన్సర్ విభాగం ఎక్కడ ఉంది,"విభాగం పేరు ఆంకాలజీ, డాక్టర్ పేరు Oncology Consultant, మరియు చిరునామా క్యాన్సర్ బ్లాక్."
2026-01-08T11:32:11.409913,en,what are the time,"- Department: General Medicine, Doctor: Consultant Physician, Location: OPD Block, Ground Floor"
2026-01-08T11:32:40.656188,te,చర్మవ్యాధుల విభాగం ఎక్కడ ఉంది,"చర్మ వైద్యం విభాగం ఓపీడి బ్లాక్‌లో ఉంది.
చర్మ వైద్యం విభాగానికి చెందిన డాక్టర్: చర్మ వైద"
2026-01-08T11:32:56.149477,te,చర్మ వైద్యం విభాగం ఊపిరి బ్లాక్ లో ఉంది చర్మ వైద్యం విభాగానికి చెందిన డాక్టర్ చర్మ వైద్య,"చర్మ వైద్యం

చర్మ వైద్యం విభాగం: చర్మ వైద్యం
డాక్టర్ పేరు: చర్మ వైద్యం
ఇంటరియర్ సూచనలు: చ"
2026-01-08T11:41:37.795033,en,how can i help you,"Emergency, Doctor: Emergency Physician, Location: Ground Floor, Emergency Block"
2026-01-08T11:41:49.016652,te,ఎమర్జెన్సీ బ్రో,అత్యవసరం బ్రో
2026-01-08T11:41:56.023986,te,అత్యవసరం బ్రో,"అత్యవసరం: గ్రౌండ్ ఫ్లోర్, అత్యవసర విభాగం"
2026-01-08T11:42:37.882002,en,hello,"Cardiology, Department: Cardiology, Doctor: Dr. O. Sai Satish, Location: Ground Floor, Rooms 2, 4, 6"
2026-01-08T11:42:59.198372,en,rules to 46,Gastroenterology
2026-01-08T11:43:12.275851,hi,आईटी शोल्डन'टी बी रंग,"- Department: ऑर्थोपेडिक्स, Location: ट्रॉमा और ऑर्थोपेडिक्स ब्लॉक"
2026-01-08T11:59:43.788330,en,how can i help you,Cardiology
2026-01-08T11:59:54.608340,te,ఆప్తమాలజీ విభాగం ఎక్కడ ఉంది,"- Department: ఆప్తమాలోజీ
సమాచారం సరిగ్గా ఉండవని చూస్తున్నాను. కాదు ఆప్తమాలోజీ విభాగం కిందివిధాన"
2026-01-08T12:00:10.005287,te,విభాగం కింది విధానం,"మీ వినియోగదారు సమాచారం ద్వారా, మేము వివిధ విభాగాలకు సంబంధించిన మీ అభ్యర్థన.

అయితే, మీరు"
2026-01-08T12:00:26.531278,te,అయితే వేర్ ఇస్ ద మై విలేజ్,మీరు ఇంటి వద్ద కావించుకుంటున్న వైద్య సహాయం విషయానికి సంబంధించి ఈ క్రింది డూల్ సమాచారం క
2026-01-08T12:01:08.484050,en,general knowledge,"General Medicine (OPD Block, Ground Floor)"
2026-01-08T12:01:16.096970,hi,ग्राउंड फ्लोर,"- Department: जनरल मेडिसिन, Doctor: Consultant Physician, Location: ओपीडी ब्लॉक, ग्राउंड फ्लोर
- Department: कार्डियोलॉजी, Doctor: Dr. O. Sai Satish, Location: ग्राउंड फ्लोर, कमरा 2, 4, 6
- Department: आपातकालीन, Doctor: Emergency Physician, Location: ग्राउंड फ्लोर, आपातकालीन ब्लॉक"
2026-01-08T12:10:08.786111,en,how can i help you,Department: Cardiology
2026-01-08T12:21:39.514704,en,how can i help you,General Medicine
2026-01-08T12:41:32.752740,en,how can i help you,General Medicine
2026-01-08T12:41:36.943765,en,general medicine,- Department: General Medicine
2026-01-08T12:42:14.693273,te,ఆంకాలజీ విభాగం ఎక్కడ ఉంది,క్యాన్సర్ బ్లాక్
2026-01-08T12:43:12.703768,en,how can i help you,Please describe your symptoms so I can direct you to the appropriate department.
2026-01-08T12:43:22.526453,en,high problem,"Emergency (Ground Floor, Emergency Block)"
2026-01-08T12:43:32.675839,te,ఎమర్జెన్సీ రౌండ్ ఫ్లోర్ ఎమర్జెన్సీ బ్లాక్,"మేం నాకు వివరాలను అందించారు. అక్కడి జట్టుకు ఇది సంబంధించినదే, ఎమర్జెన్సీ డిపార్ట్‌మెం"
2026-01-08T12:44:14.309856,en,general,General Medicine
2026-01-08T12:44:18.676718,en,general medicine,"General Medicine, Consultant Physician, OPD Block, Ground Floor"
2026-01-08T12:45:32.397899,hi,पास नहीं है कुछ भी इनफॉरमेशन आईटी कैन डायरेक्ट थे तो जनरल,"- Department: जनरल मेडिसिन
- Doctor: Consultant Physician
- Location: ओपीडी ब्लॉक, ग्राउंड फ्लोर"
2026-01-08T13:18:44.087544,en,how can i help you,General Medicine
2026-01-08T13:18:48.096911,te,అపార్ట్మెంట్,"ప్రతిస్పందన:

డెపార్ట్‌మెంట్: చర్మ వైద్యం
డాక్టర్: డెర్మాటాలజీ కన్సల్టెంట్
లోకల్: చర్"
2026-01-08T13:19:20.476306,en,where is urology department,"Urology: 6th Floor, Rooms 609-611"
2026-01-08T13:19:34.416647,en,lock,Emergency
2026-01-08T13:19:54.823942,hi,मॉर्निंग,मुझे लगता है कि आपको सुबह अच्छी लग रही है और आप तैयार हो सकते हैं अपना दिन शुरू करना। क्या मैं आपकी कहानी में भाग ले सकता हूँ कि आप क्या करते हैं और आप कहाँ जाना चाहते हैं।
2026-01-08T15:14:57.302050,hi,क्वालिटी डिपार्टमेंट,Department: Quality Assurance and Improvement (विशिष्टता नहीं मिलती)
2026-01-08T15:15:21.391247,te,ఆంకాలజీ డిపార్ట్మెంట్,"ఆంకాలజీ డిపార్ట్మెంట్

వైద్య శాఖ మార్గం:
 క్యాన్సర్ బ్లాక్
అంతస్తు: -"
2026-01-08T15:15:33.686788,te,క్యాన్సర్ బ్లాక్ అండ్ టెస్ట్,"విభాగం పేరు ఆంకాలజీ, డాక్టర్ పేరు Oncology Consultant, మరియు చిరునామా క్యాన్సర్ బ్లాక్."
2026-01-08T15:16:10.499293,te,మరియు చిరునామా క్యాన్సర్,"విభాగం పేరు ఆంకాలజీ, డాక్టర్ పేరు Oncology Consultant, మరియు చిరునామా క్యాన్సర్ బ్లాక్."
2026-01-08T15:16:25.729197,te,యూరాలజీ డిపార్ట్మెంట్లో,"సంభావ్య 6వ అంతస్తు, గది 609-611 కంటికి వెళ్లాలి."
2026-01-08T15:16:58.827369,hi,गायनेकोलॉजी,"कोई उल्लेख नहीं है कि गायनेकोलॉजी विभाग की सूची में है। यदि आप गायनेकोलॉजी विभाग की आवश्यकता है, तो मैं सुझाव दे सकता हूँ कि यह ऑन्कोलॉजी विभाग या जनरल मेडिसिन विभाग के समान हो सकता है।"
2026-01-08T15:17:21.476889,te,ఎందుకంటే,నేను హాస్పిటల్ నావిగేషన్ అసిస్టెంట్. వినియోగదారు నివేదించిన లక్షణాలను అందించిన జాబి
2026-01-08T15:17:39.836479,en,fir kya hoga ki har do ya 3 minut mein vah check karega ki to density is higher,Neurology
2026-01-08T15:47:37.185378,te,కాజల్ ది డిపార్ట్మెంట్ ఎక్కడ,డిపార్ట్మెంట్ నివేదించబడలేదు
2026-01-08T15:47:43.760839,te,డిపార్ట్మెంట్ నివేదించ బడలేదు,డిపార్ట్మెంట్ నివేదించలేదు. కొన్ని లక్షణాలను పూరించండి
2026-01-08T15:47:54.414961,te,గుండె నొప్పిగా ఉంది,"విభాగం పేరు కార్డియాలజీ, డాక్టర్ పేరు Dr. O. Sai Satish, మరియు చిరునామా గ్రౌండ్ ఫ్లోర్, గది 2, 4, 6."
2026-01-08T15:48:13.426848,te,నాకు బ్యాక్ పెయిన్ వస్తుంది,"మీ లక్షణాలు ఆర్థోపెడిక్స్ విభాగానికి సంబంధించినవని, మీరు తీసుకోవలసిన చర్యలు కింది వి"
2026-01-08T15:48:25.061245,te,మీరు తీసుకోవలసిన చర్యలు కిందివి,"నేను తీసుకోవలసిన చర్యలు:

1. వినియోగదారు నివేదించిన లక్షణాలను అందించిన జాబితా నుండి అత్"
2026-01-08T15:48:42.910261,te,నేను తీసుకోవలసిన చర్యలు ఒకటి వినియోగదారు నివేదించిన లక్షణాలను అందించిన జాబితా నుండి,వినియోగదారుగారికి సహాయం కోరుకున్న విధంగా ఒక విషయాన్ని ( ఎగువన జాబితా ఉన్న  జాబితాలో చెప
2026-01-08T15:49:17.574463,en,thoracic department,Cardiology
2026-01-08T15:49:48.375328,en,orthopaedic kab ho bata diya tha,Orthopaedics
2026-01-08T15:50:21.593380,te,ప్లీజ్ కెన్ యు ఆస్క్ యువర్ ఒన్స్ అగైన్ నడుం నొప్పికి నేను ఎక్కడికి వెళ్లాలి,"నిడుం నొప్పి కోసం, మీరు 6వ అంతస్తు, గది 609-611లో యూరాలజీ విభాగాన్ని సందర్శించవచ్చు."
2026-01-08T15:50:39.547232,en,bhagya 2 may complaint kiya tha vah yuvraj,Dermatology
2026-01-08T15:50:51.946253,en,agar agar vah samajh nahin payega to,Emergency
2026-01-09T10:44:08.252801,te,రామోజీ ఫిలిం సిటీ ఆఫీస్,"లెకార్నియా / ఆంత్ర సమస్యలు: 
చర్మ వైద్యం: సూపర్ స్పెషాలిటీ బ్లాక్, మెడికల్ డైయాగ్నస్టిక"
2026-01-09T10:58:21.398578,te,తెలుగు,"నేను హాస్పిటల్ నావిగేషన్ అసిస్టెంట్. ఈ దాఖలైన లక్షణాల ఆధారంగా మీకు ప్రతిస్పందన ఉంది.

ని"
2026-01-09T11:02:05.910810,en,battery,Emergency
2026-01-09T11:02:10.622760,te,ok google,మీ నివేదిత లక్షణాలను అందించిన జాబితా నుండి అత్యంత సంబంధిత విభాగం కింది అంతస్తు అయినా ని
2026-01-09T11:02:25.384097,te,వీడియో సాంగ్స్,అత్యంత సంబంధిత విభాగం: ఆర్థోపెడిక్స్
2026-01-09T11:05:06.875636,te,ఫిబ్రవరి,- సమస్య: మేము ఒక వ్యక్తిలో గుండెలు పగిలిపోయినట్లు 2వ నుండి 6వ గది జాబితా చేసిన పరీక్షల్లో
2026-01-09T11:07:35.740451,en,apne dimag,Psychiatry
2026-01-09T11:07:56.785073,en,dimag kharab,Neurology
2026-01-09T11:08:24.245148,te,కళ్యాణి,"కళ్యాణి వైద్యశాలలో వైద్య విభాగాలను నేను కింది విధంగా చెప్పవచ్చు:

- జనరల్ మెడిసిన్  లేదా"
2026-01-09T11:08:47.586228,te,అవ్వకూడదు,గొంతు పేలుకున్నది.
2026-01-09T11:08:54.764546,en,my channel,ENT
2026-01-09T11:09:54.181643,hi,बैक टू बैक कैसा खर्चा,आपातकालीन
2026-01-09T11:10:35.986830,te,అన్నా చెప్పాలి,"అభ్యర్థిత్రులు

చెప్పడం"
2026-01-09T13:17:00.832718,en,how can i help you,Cardiology Unit 1
2026-01-09T13:17:16.865947,en,can you tell me the destination of cardiology unit,Cardiology Unit 1 or 2.
2026-01-09T13:18:29.167659,en,how can i help you,General OPD
2026-01-09T13:18:35.783584,te,జనరల్ ఓ,"విభాగం: జనరల్ ఓపీడి
డాక్టర్: ప్రస్తావనలో పేర్కొనబడనప్పటికీ సాధారణ డాక్టర్
లోకేషన్: ఓ"
2026-01-09T13:18:56.707862,en,can you tell me where is oncology department,None
2026-01-09T13:19:08.039751,en,can you tell me where is urology department,"Department: Urology, Location: 6th floor, rooms 609-611"
2026-01-09T13:19:22.732788,en,can you tell me,"Cardiology Unit 1, Cardiology Unit 2, Cardiology Unit 4"
2026-01-09T13:19:40.138379,te,కార్డియాలజీ యూనిట్ ఫోర్ వేర్ ఇస్ డిపార్ట్మెంట్ ఆఫ్ ఈఎన్టి,కార్డియాలజీ యూనిట్-4 వ్యాధిని నేరుగా బాగా పరిష్కరించనందున పైన పేర్కొన్న ఇతర ప్రాంతాలక
2026-01-09T13:36:04.115433,en,please can you ask your question once again can you give me directions of ent,"The department name is Pulmonary Medicine, the doctor's name is Dr. G. K. Paramjyothi, and the address is 4th floor, rooms 403 and 404."
2026-01-09T13:44:38.478087,en,general,"The department name is General OPD, the doctor's name is General Duty Doctor, and the address is OPD Block, Ground Floor."
2026-01-09T13:45:06.574588,en,iti general,"The department name is General OPD, the doctor's name is General Duty Doctor, and the address is OPD Block, Ground Floor."
2026-01-09T14:09:10.691626,en,how can i help you,"The department name is General OPD, the doctor's name is General Duty Doctor, and the address is OPD Block, Ground Floor."
2026-01-09T14:21:23.460960,en,begum,"The department name is General OPD, the doctor's name is General Duty Doctor, and the address is OPD Block, Ground Floor."
2026-01-09T14:32:44.927949,en,oncology department,"The department name is General OPD, the doctor's name is General Duty Doctor, and the address is OPD Block, Ground Floor."
2026-01-09T14:33:39.184002,en,department of urology,"The department name is Urology, the doctor's name is Dr. Ch. Ram Reddy, and the address is 6th floor, rooms 609-611."
2026-01-09T14:34:01.310179,en,ram reddy and the address is 6th floor room 69611,"The department name is Urology, the doctor's name is Dr. Ch. Ram Reddy, and the address is 6th floor, rooms 609-611."
2026-01-09T14:34:18.476760,en,ram reddy and the address is 6th floor room 69611,"The department name is Urology, the doctor's name is Dr. Ch. Ram Reddy, and the address is 6th floor, rooms 609-611."
2026-01-09T14:41:04.317045,en,pulmonary medicine department,"The department name is Pulmonary Medicine, the doctor's name is Dr. G. K. Paramjyothi, and the address is 4th floor, rooms 403 and 404."
2026-01-09T14:41:36.741072,en,rules 443 and 404,"The department name is Pulmonary Medicine, the doctor's name is Dr. G. K. Paramjyothi, and the address is 4th floor, rooms 403 and 404."
2026-01-09T14:41:53.740394,en,rules 443404,"The department name is Pulmonary Medicine, the doctor's name is Dr. G. K. Paramjyothi, and the address is 4th floor, rooms 403 and 404."
2026-01-09T14:45:21.010138,en,i have chest pain where should i go,"The department name is Cardiology Unit 1, the doctor's name is Dr. O. Sai Satish, and the address is Ground floor, rooms 2, 4, 6."
2026-01-09T14:45:55.183927,en,for liver problems where should i go,"The department name is Medical Gastroenterology, the doctor's name is Dr. Y. Satyanarayana Raju, and the address is 5th floor, room 502."
2026-01-09T14:46:18.229274,en,satyanarayana raju and the address is 5th floor room 502,"The department name is Medical Gastroenterology, the doctor's name is Dr. Y. Satyanarayana Raju, and the address is 5th floor, room 502."
2026-01-09T14:46:35.561468,en,satyanarayana raju and the address is 5th floor room 502,"The department name is Medical Gastroenterology, the doctor's name is Dr. Y. Satyanarayana Raju, and the address is 5th floor, room 502."
2026-01-09T14:46:52.488182,en,satyanarayana raju and the address is 5th floor room 502,"The department name is Medical Gastroenterology, the doctor's name is Dr. Y. Satyanarayana Raju, and the address is 5th floor, room 502."
2026-01-09T14:56:03.496871,en,how can i help you,"The department name is General Medicine, the doctor's name is General Physician, and the address is OPD Block, 1st Floor."
2026-01-09T15:14:52.646716,en,i have tb problem,"The department name is Pulmonary Medicine, the doctor's name is Dr. G. K. Paramjyothi, and the address is 4th floor, rooms 403 and 404."
2026-01-09T15:15:12.628771,en,rules 443 and 404,"The department name is General Medicine, the doctor's name is General Physician, and the address is OPD Block, 1st Floor."
2026-01-09T15:24:53.916202,en,i have a general check up to do,"The department name is General OPD, the doctor's name is General Duty Doctor, and the address is OPD Block, Ground Floor."
2026-01-09T15:25:28.290233,en,please can you ask you a question once again,"The department name is General Medicine, the doctor's name is General Physician, and the address is OPD Block, 1st Floor."
2026-01-09T15:26:10.356286,en,department of oncology,"The department name is General OPD, the doctor's name is General Duty Doctor, and the address is OPD Block, Ground Floor."
2026-01-09T15:51:09.457756,te,నాకు జ్వరం ఉంది,"విభాగం పేరు జనరల్ ఓపీడీ, డాక్టర్ పేరు General Duty Doctor, మరియు చిరునామా ఓపీడీ బ్లాక్, గ్రౌండ్ ఫ్లోర్."
2026-01-09T15:51:42.671337,te,ఆంకాలజీ విభాగం చీమల దిశ,"విభాగం పేరు జనరల్ ఓపీడీ, డాక్టర్ పేరు General Duty Doctor, మరియు చిరునామా ఓపీడీ బ్లాక్, గ్రౌండ్ ఫ్లోర్."
2026-01-09T15:52:52.387605,te,నాకు గుండెపోటు ఉంది,"విభాగం పేరు కార్డియాలజీ యూనిట్-4, డాక్టర్ పేరు Dr. M. Jyotsna, మరియు చిరునామా గ్రౌండ్ ఫ్లోర్, గది 2, 4, 6."
2026-01-09T15:53:21.269435,te,నాకు కడుపు నొప్పి ఉంది,"విభాగం పేరు మెడికల్ గ్యాస్ట్రోఎంటరాలజీ, డాక్టర్ పేరు Dr. Y. Satyanarayana Raju, మరియు చిరునామా 5వ అంతస్తు, గది 502."
2026-01-09T15:53:46.903641,te,నాకు ఆంకాలజీ విభాగం కావాలి,"విభాగం పేరు జనరల్ ఓపీడీ, డాక్టర్ పేరు General Duty Doctor, మరియు చిరునామా ఓపీడీ బ్లాక్, గ్రౌండ్ ఫ్లోర్."
2026-01-09T15:54:08.812095,en,pulmonary department kavali,"The department name is General Medicine, the doctor's name is General Physician, and the address is OPD Block, 1st Floor."
2026-01-09T15:54:31.336563,en,nagpur pulmonary department kavali,"The department name is General Medicine, the doctor's name is General Physician, and the address is OPD Block, 1st Floor."
2026-01-09T15:55:37.905191,en,nagpur kidney stone,"The department name is Urology, the doctor's name is Dr. Ch. Ram Reddy, and the address is 6th floor, rooms 609-611."
2026-01-09T15:55:55.859473,en,and the address is 6th floor room 609611,"The department name is Urology, the doctor's name is Dr. Ch. Ram Reddy, and the address is 6th floor, rooms 609-611."
2026-01-09T15:56:12.763723,en,ram reddy and the address is 6th floor room 69611,"The department name is Urology, the doctor's name is Dr. Ch. Ram Reddy, and the address is 6th floor, rooms 609-611."
2026-01-09T15:57:49.251578,te,నాకు కడుపు నొప్పిగా ఉంది,"విభాగం పేరు మెడికల్ గ్యాస్ట్రోఎంటరాలజీ, డాక్టర్ పేరు Dr. Y. Satyanarayana Raju, మరియు చిరునామా 5వ అంతస్తు, గది 502."
2026-01-09T16:04:28.114711,te,నాకు కడుపు నొప్పి ఉంది,"విభాగం పేరు మెడికల్ గ్యాస్ట్రోఎంటరాలజీ, డాక్టర్ పేరు Dr. Y. Satyanarayana Raju, మరియు చిరునామా 5వ అంతస్తు, గది 502."
2026-01-09T16:05:37.858622,te,నాకు జ్వరం ఉంది,"విభాగం పేరు జనరల్ ఓపీడీ, డాక్టర్ పేరు General Duty Doctor, మరియు చిరునామా ఓపీడీ బ్లాక్, గ్రౌండ్ ఫ్లోర్."
2026-01-09T16:28:43.441352,hi,आई हैव लो बीपी,"विभाग का नाम कार्डियोलॉजी यूनिट 1, डॉक्टर का नाम Dr. O. Sai Satish, और पता ग्राउंड फ्लोर, कमरा 2, 4, 6 है।"
2026-01-09T16:29:23.202949,te,రక్తపోటు,"విభాగం పేరు జనరల్ మెడిసిన్, డాక్టర్ పేరు General Physician, మరియు చిరునామా ఓపీడి బ్లాక్, మొదటి అంతస్తు."
2026-01-09T16:29:57.070150,en,mutra pindal rai,"The department name is Urology, the doctor's name is Dr. Ch. Ram Reddy, and the address is 6th floor, rooms 609, 611."
2026-01-09T16:30:27.442864,en,kidney stone,"The department name is Urology, the doctor's name is Dr. Ch. Ram Reddy, and the address is 6th floor, rooms 609, 611."
2026-01-09T16:31:58.233669,en,medical gastroenterology,"The department name is Medical Gastroenterology, the doctor's name is Dr. Y. Satyanarayana Raju, and the address is 5th floor, room 502."
2026-01-09T16:32:20.484135,te,మెడికల్ గ్యాస్ట్రోఎంటరాలజీ ఎక్కడ ఉంది,"విభాగం పేరు మెడికల్ గ్యాస్ట్రోఎంటరాలజీ, డాక్టర్ పేరు Dr. Y. Satyanarayana Raju, మరియు చిరునామా 5వ అంతస్తు, గది 502."
2026-01-09T16:34:31.050314,en,i have loose motion,"The department name is Medical Gastroenterology, the doctor's name is Dr. Y. Satyanarayana Raju, and the address is 5th floor, room 502."
2026-01-09T16:34:48.138007,en,satyanarayana raju and the address is 5th floor room 502,"The department name is Medical Gastroenterology, the doctor's name is Dr. Y. Satyanarayana Raju, and the address is 5th floor, room 502."
2026-01-09T16:35:23.951685,te,నాకు కాలేయ సమస్య,"విభాగం పేరు మెడికల్ గ్యాస్ట్రోఎంటరాలజీ, డాక్టర్ పేరు Dr. Y. Satyanarayana Raju, మరియు చిరునామా 5వ అంతస్తు, గది 502."
2026-01-09T16:36:05.885369,te,గుండెపోటు వచ్చింది,"విభాగం పేరు కార్డియాలజీ యూనిట్-4, డాక్టర్ పేరు Dr. M. Jyotsna, మరియు చిరునామా గ్రౌండ్ ఫ్లోర్, గది 2, 4, 6."
2026-01-09T16:38:06.574452,en,diabetic vibhagam,"The department name is General Medicine, the doctor's name is General Physician, and the address is OPD Block, 1st Floor."
2026-01-09T16:39:00.674746,hi,अस्थमा अटैक,"विभाग का नाम पल्मोनरी मेडिसिन, डॉक्टर का नाम Dr. G. K. Paramjyothi, और पता 4वीं मंजिल, कमरा 403 और 404 है।"
2026-01-09T16:39:26.528437,en,kisi ne kuchh nahin diya,"The department name is General OPD, the doctor's name is General Duty Doctor, and the address is OPD Block, Ground Floor."
2026-01-09T16:40:16.737550,en,i have severe chest pain,"The department name is Cardiology Unit 4, the doctor's name is Dr. M. Jyotsna, and the address is Ground floor, rooms 2, 4, 6."
2026-01-09T16:40:42.511683,te,రూమ్స్ టు ఫోర్ సెక్స్,"విభాగం పేరు జనరల్ మెడిసిన్, డాక్టర్ పేరు General Physician, మరియు చిరునామా ఓపీడి బ్లాక్, మొదటి అంతస్తు."
2026-01-09T16:41:08.178632,te,వాస్కులర్ సర్జరీ విభాగం ఎక్కడ ఉంది,"విభాగం పేరు వాస్కులర్ సర్జరీ, డాక్టర్ పేరు Dr. Sandeep Mahapatra, మరియు చిరునామా 5వ అంతస్తు, గది 501."
2026-01-09T16:46:40.533986,te,పల్మనరీ మెడిసిన్ విభాగం ఎక్కడ ఉంది,"విభాగం పేరు పల్మనరీ మెడిసిన్, డాక్టర్ పేరు Dr. G. K. Paramjyothi, మరియు చిరునామా 4వ అంతస్తు, గది 403 మరియు 404."
2026-01-09T16:47:03.900176,te,విభాగం పేరు పల్మనరీ మెడిసిన్ డాక్టర్ పేరు జాబ్ చర్చి కి మరో జ్యోతి మరియు చిరునామా నాలుగో అంతస్తు గది 43 మరియు 44,"విభాగం పేరు పల్మనరీ మెడిసిన్, డాక్టర్ పేరు Dr. G. K. Paramjyothi, మరియు చిరునామా 4వ అంతస్తు, గది 403 మరియు 404."
2026-01-09T16:48:30.257257,en,naak mutra visarjan,"The department name is Urology, the doctor's name is Dr. Ch. Ram Reddy, and the address is 6th floor, rooms 609, 611."
2026-01-09T16:49:01.014293,en,for network,"The department name is Pulmonary Medicine, the doctor's name is Dr. G. K. Paramjyothi, and the address is 4th floor, rooms 403 and 404."
2026-01-09T16:49:17.203153,en,rules 443 and 404,"The department name is Pulmonary Medicine, the doctor's name is Dr. G. K. Paramjyothi, and the address is 4th floor, rooms 403 and 404."
2026-01-09T16:54:53.361543,en,i have difficulty urinating which department should i go,"The department name is Urology, the doctor's name is Dr. Ch. Ram Reddy, and the address is 6th floor, rooms 609, 611."
2026-01-09T16:56:00.263668,te,ఆంకాలజీ విభాగం ఎక్కడ ఉంది,"విభాగం పేరు జనరల్ ఓపీడీ, డాక్టర్ పేరు General Duty Doctor, మరియు చిరునామా ఓపీడీ బ్లాక్, గ్రౌండ్ ఫ్లోర్."
2026-01-09T16:56:26.358906,en,cardiology only,"The department name is Cardiology Unit 1, the doctor's name is Dr. O. Sai Satish, and the address is Ground floor, rooms 2, 4, 6."
2026-01-09T16:57:05.207305,te,నాకు గొంతు ఇన్ఫెక్షన్,"విభాగం పేరు జనరల్ మెడిసిన్, డాక్టర్ పేరు General Physician, మరియు చిరునామా ఓపీడి బ్లాక్, మొదటి అంతస్తు."
2026-01-09T16:59:11.153513,en,i have a high fever,"The department name is General Medicine, the doctor's name is General Physician, and the address is OPD Block, 1st Floor."
2026-01-09T17:00:34.840977,en,telugu database for diabetes,"The department name is General Medicine, the doctor's name is General Physician, and the address is OPD Block, 1st Floor."
2026-01-09T17:00:59.136200,en,madhu madhumeham vyadhi department ekkada,"The department name is General Medicine, the doctor's name is General Physician, and the address is OPD Block, 1st Floor."
2026-01-09T17:01:15.541369,en,the department name is general medicine the doctors name is general physician and the address is opd block first floor i'll change,"The department name is General Medicine, the doctor's name is General Physician, and the address is OPD Block, 1st Floor."
2026-01-09T17:03:50.892550,en,department ki,"The department name is General Medicine, the doctor's name is General Physician, and the address is OPD Block, Ground Floor."
2026-01-09T17:22:33.063036,en,i have high blood pressure,"The department name is General Medicine, the doctor's name is General Physician, and the address is OPD Block, Ground Floor."
2026-01-09T17:23:24.113758,en,high blood pressure,"The department name is General Medicine, the doctor's name is General Physician, and the address is OPD Block, Ground Floor."
2026-01-09T17:24:02.004071,en,aadi ka rakt,"The department name is General Medicine, the doctor's name is General Physician, and the address is OPD Block, Ground Floor."
2026-01-09T18:05:55.690716,en,how can i help you,Department: General OPD
2026-01-09T18:06:04.934207,te,ఐ హావ్ స్టమక్ పెయిన్,"General Medicine - ఓపీడి బ్లాక్, గ్రౌండ్ అంతస్తు"
2026-01-09T18:06:15.568740,en,general medicine opd black ground and test tube i have chest pain,"The department name is General OPD, the doctor's name is General Duty Doctor, and the address is OPD Block, Ground Floor."
2026-01-09T18:06:53.761372,en,please can you ask your question once again,There's no question; please describe your symptoms so I can help you find the most relevant department.
2026-01-09T18:07:05.264031,te,చెస్ట్ ఇన్స్టిట్యూట్,"బాగా, చెస్ట్ ఇన్స్టిట్యూట్ అనేది కార్డియాలజీ యూనిట్‌ల మధ్య ఒక విభాగం కాదు. కాబట్టి చెస్"
2026-01-09T18:07:19.069848,te,కాబట్టి చె,"డెపార్ట్‌మెంట్: మెడికల్ గ్యాస్ట్రోఎంటరాలజీ
డాక్టర్: డాక్టర్ Y. సత్యనారాయణ రాజు
లోకేష"
2026-01-09T18:07:40.432820,te,లోకేషన్,"లోకేషన్: ఓపీడి బ్లాక్, గ్రౌండ్ ఫ్లోర్

చిరునామా: 
- Department: జనరల్ ఓపీడీ
- Doctor: General Duty Doctor"
2026-01-09T18:08:07.383173,te,ఐ హావ్ లేబుల్ లివర్ ప్రాబ్లమ్స్,"లివర్ ప్రాబ్లమ్‌లతో సంబంధం ఉన్న అత్యంత సంబంధిత విభాగం మెడికల్ గ్యాస్ట్రోఎంటరాలజీ.

 మెడ"
2026-01-09T18:08:21.842264,te,లివర్ ప్రాబ్లెమ్ లతో సంబంధం ఉన్న అత్యంత సంబంధిత విభాగం మెడికల్ గ్యాస్ట్రోఎంటరాలజీ మెడ,"విభాగం పేరు మెడికల్ గ్యాస్ట్రోఎంటరాలజీ, డాక్టర్ పేరు Dr. Y. Satyanarayana Raju, మరియు చిరునామా 5వ అంతస్తు, గది 502."
2026-01-09T18:08:37.476773,te,గది 500,". Department: మెడికల్ గ్యాస్ట్రోఎంటరాలజీ, Doctor: Dr. Y. Satyanarayana Raju, Location: 5వ అంతస్తు, గది 502"
2026-01-09T18:18:01.445443,en,how can i help you,"Department: General OPD, Doctor: General Duty Doctor, Location: OPD Block, Ground Floor"
2026-01-09T18:18:43.660154,en,please can you please cardiology,"The department name is Cardiology Unit 1, the doctor's name is Dr. O. Sai Satish, and the address is Ground floor, rooms 2, 4, 6."
2026-01-09T18:19:00.277203,te,రూమ్స్ టు ఫోర్ సెక్స్,"మెడికల్ గ్యాస్ట్రోఎంటరాలజీ శాఖ - Dr. Y. Satyanarayana Raju
గది: గ్రౌండ్ ఫ్లోర్, 5వ అంతస్తు, గది 502"
2026-01-09T18:19:26.060976,te,నాకు గుండె నొప్పిగా ఉంది,"విభాగం పేరు జనరల్ ఓపీడీ, డాక్టర్ పేరు General Duty Doctor, మరియు చిరునామా ఓపీడి బ్లాక్, గ్రౌండ్ ఫ్లోర్."
2026-01-09T18:19:42.208061,hi,दोस्त,मैं आपके लक्षणों के अनुसार सबसे प्रासंगिक विभाग से आपको मिलान कर रहा हूँ। कृपया अपने लक्षण बताएं।
2026-01-09T18:20:21.118978,en,i have heart pain,"The department name is General OPD, the doctor's name is General Duty Doctor, and the address is OPD Block, Ground Floor."
2026-01-09T18:20:47.688148,en,please can you ask your question once again for heart related issues which department should i go,"The department name is General Medicine, the doctor's name is General Physician, and the address is OPD Block, Ground Floor."
2026-01-09T18:22:03.341034,en,hello how can i help you,"Please describe your symptoms, so I can direct you to the relevant department."
2026-01-09T18:22:16.474704,te,ప్రాబ్లం ఇన్ మై హార్ట్,"కార్డియాలజీ యూనిట్-1 విభాగం. 
కార్డియాలజీ యూనిట్-1 విభాగం:
- Department: కార్డియాలజీ యూనిట్-1
- Doctor: Dr. O. Sai Satish"
2026-01-09T18:22:37.031154,te,సాయి సతీష్,"డాక్టర్ ఓ. సాయి సతీష్ లక్షణాలు:

- డెపార్ట్మెంట్: కార్డియాలజీ యూనిట్-1
- గది సంఖ్య: 2, 4, 6
- అం"
2026-01-09T18:22:52.089746,te,2.0,Department: జనరల్ కాలేజియోలజీ
2026-01-09T18:26:37.655458,te,హౌ కెన్ ఐ హెల్ప్ యు,"మీరు అనారోగ్యం లేదా కానీ కాక మరో విషయం గురించి విచారించారు. మీరు దృష్టి కేంద్రీకరిస్తే,"
2026-01-09T18:26:50.490920,te,విషయానికి గురించి విచారించారు మీరు దృష్టి కేంద్రీకరిస్తే,"గది 2, 4, 6"
2026-01-09T18:26:58.077584,te,ఉగాది 2 4 6,"Department: కార్డియాలజీ యూనిట్-1
Doctor: డాక్టర్ ఓ. సై సతీష్
Location: గ్రౌండ్ ఫ్లోర్, గది 2, 4, 6"
2026-01-12T11:08:09.975199,en,hello robot,**No response available. Please provide the list of symptoms you are experiencing.**
2026-01-12T11:08:28.840679,en,where is the,I need more information to provide a relevant department. Please provide the symptoms or the reason for visiting the hospital to match it with the correct department.
2026-01-12T11:08:51.532289,te,యూరాలజీ డిపార్ట్మెంట్,"విభాగం పేరు యూరాలజీ, డాక్టర్ పేరు Dr. Ch. Ram Reddy, మరియు చిరునామా 6వ అంతస్తు, గది 609, 611."
2026-01-12T11:09:10.580615,hi,वॉल्यूम एट,"मुझे खेद है, लेकिन ""वॉल्यूम एट"" एक प्रकार का हृदय समस्या है जिसे वॉल्यूम ओवरलोड या निमोनिया जैसी कंडीशन के साथ जोड़ा जाता है। आप यह बताने की कृपा करें कि मुझे सूची में मिलान करना है या नहीं ताकि मैं सही विभाग की सूची दे सकता हूँ।"
2026-01-12T11:09:39.357182,te,హలో లక్ష్మి గారు,హలో! నాకు ఏమి అవసరం అని అడగండి.
2026-01-12T11:09:46.109415,te,అని అడగండి,"మిత్రుడా, మీరు ఏ లక్షణాలతో వసతి చెందుతున్నారు? అలాగే ఒక వివరణ కూడా అందించండి."
2026-01-12T11:10:10.391146,te,మీరు ఉంటే ఆఫీస్,నివేదించిన లక్షణాలను మీకు అందించారు. క్షిపణి నుండి సంభవించిన దుర్ఘటన బారీ తనిఖీ విషయం
2026-01-12T11:10:25.688426,te,శకుని నుండి సంభవించిన దుర్ఘటన భారీ తనిఖీ చేయడం చూస్తాను,"General Opinion Department, Ground Floor"
2026-01-12T11:10:32.439262,te,గ్రౌండ్ ఫ్లోర్,"గ్రౌండ్ ఫ్లోర్లో ఉన్న విభాగాలు:

- కార్డియాలజీ యూనిట్-1: గది 2, 4, 6
   - డాక్టర్: Dr. O. Sai Satish

- కార్డియా"
2026-01-12T11:10:52.726979,te,సాయి సతీష్,"కార్డియాలజీ యూనిట్-1, గ్రౌండ్ ఫ్లోర్, గది 2, 4, 6 లో డాక్టర్."
2026-01-12T11:11:53.446137,en,animation,General OPD
2026-01-12T11:12:21.747060,hi,न्यूरोलॉजी डिपार्टमेंट,"विभाग का नाम यूरोलॉजी, डॉक्टर का नाम Dr. Ch. Ram Reddy, और पता 6वीं मंजिल, कमरा 609, 611 है।"
2026-01-12T11:12:36.394816,hi,न्यूमैरोलॉजी,"पल्मोनरी मेडिसिन, 
ग्राउंड फ्लोर, कमरा 403 और 404."
2026-01-12T11:13:03.934843,en,where is neurology department,"The department name is General Medicine, the doctor's name is General Physician, and the address is OPD Block, Ground Floor."
2026-01-12T11:13:23.869267,te,యువరాజు అడిగితే జన్మ,Department: మెడికల్ గ్యాస్ట్రోఎంటరాలజీ
2026-01-12T11:13:44.066667,en,where is cardiology department,"The department name is General Medicine, the doctor's name is General Physician, and the address is OPD Block, Ground Floor."
2026-01-12T11:14:07.805605,te,యూరాలజీ డిపార్ట్మెంట్,"విభాగం పేరు యూరాలజీ, డాక్టర్ పేరు Dr. Ch. Ram Reddy, మరియు చిరునామా 6వ అంతస్తు, గది 609, 611."
2026-01-12T11:14:47.266081,hi,कार्डियोलॉजी,"विभाग का नाम कार्डियोलॉजी यूनिट 1, डॉक्टर का नाम Dr. O. Sai Satish, और पता ग्राउंड फ्लोर, कमरा 2, 4, 6 है।"
2026-01-12T11:15:16.137550,te,గుండె జబ్బులు విభాగం ఎక్కడ ఉంది,"గుండె జబ్బులు విభాగం కార్డియాలజీ యూనిట్లలో ఉంటుంది.

క్రింది విభాగాల్లో కార్డియాలజీ య"
2026-01-12T11:15:38.517089,te,ఇంకా ఏమైనా,"అయ్యా, మిగిలిన జాబితా:

డిపార్ట్‌మెంట్: నెఫ్రాలజీ, డాక్టర్‌: డాక్టర్ G. Balaraju, లోకేషన్: గ్రౌండ్"
2026-01-12T11:16:21.796030,te,నెఫ్రాలజీ డాక్టర్ డాక్టర్ డాక్టర్ డాక్టర్ డాక్టర్ జి బాలరాజు లోకేషన్ గ్రౌండ్,నెఫ్రాలజీ
2026-01-12T11:16:25.100200,te,న్యూరాలజీ,"విభాగం పేరు యూరాలజీ, డాక్టర్ పేరు Dr. Ch. Ram Reddy, మరియు చిరునామా 6వ అంతస్తు, గది 609, 611."
2026-01-12T11:16:46.749503,en,dermatology,General OPD
2026-01-12T11:17:03.077687,en,please can you ask your question once again,Please enter your symptoms so I can direct you to the relevant department.
2026-01-12T11:17:13.983403,te,ఫీలింగ్ టీత్ పెయిన్,పల్మనరీ మెడిసిన్
2026-01-12T11:17:18.087526,en,pulmonary medicine,"The department name is Pulmonary Medicine, the doctor's name is Dr. G. K. Paramjyothi, and the address is 4th floor, rooms 403 and 404."
2026-01-12T11:17:37.326546,en,rules 443 and 404,"General OPD, Doctor: General Duty Doctor, Location: OPD Block, Ground Floor
Pulmonary Medicine, Doctor: Dr. G. K. Paramjyothi, Location: 4th floor, rooms 403 and 404"
2026-01-12T11:19:18.995271,hi,वॉल्यूम,"- Department: कार्डियोलॉजी यूनिट 1, Doctor: Dr. O. Sai Satish, Location: ग्राउंड फ्लोर, कमरा 2, 4, 6
- Department: कार्डियोलॉजी यूनिट 2, Doctor: Dr. B. Srinivas, Location: ग्राउंड फ्लोर, कमरा 3, 5
- Department: कार्डियोलॉजी यूनिट 4, Doctor: Dr. M. Jyotsna, Location: ग्राउंड फ्लोर, कमरा 2, 4, 6"
2026-01-12T11:21:29.503173,en,pulmonary department,"The department name is General Medicine, the doctor's name is General Physician, and the address is OPD Block, Ground Floor."
2026-01-12T11:21:48.343842,te,గుండె జబ్బులు విభాగం ఎక్కడ ఉంది,"గుండె జబ్బులు విభాగం గ్రౌండ్ ఫ్లోర్, గది 2, 4, 6 నుండి మార్చబడి గ్రౌండ్ ఫ్లోర్‌లో ఉన్న కార్"
2026-01-12T11:22:09.107530,en,where is neurology department,"The department name is General Medicine, the doctor's name is General Physician, and the address is OPD Block, Ground Floor."
2026-01-12T11:22:38.088312,hi,न्यूरोलॉजी डिपार्टमेंट,"विभाग का नाम यूरोलॉजी, डॉक्टर का नाम Dr. Ch. Ram Reddy, और पता 6वीं मंजिल, कमरा 609, 611 है।"
2026-01-12T11:22:56.117091,en,can you tell me in english where is urology department,"The department name is General Medicine, the doctor's name is General Physician, and the address is OPD Block, Ground Floor."
2026-01-12T11:23:27.205674,hi,यूरोलॉजी डिपार्मेंट,"विभाग का नाम यूरोलॉजी, डॉक्टर का नाम Dr. Ch. Ram Reddy, और पता 6वीं मंजिल, कमरा 609, 611 है।"
2026-01-12T11:23:47.934210,en,where is urology department,"The department name is General Medicine, the doctor's name is General Physician, and the address is OPD Block, Ground Floor."
2026-01-12T11:24:17.737410,hi,न्यूरोलॉजी डिपार्टमेंट कौन सा मंजिल में,"विभाग का नाम यूरोलॉजी, डॉक्टर का नाम Dr. Ch. Ram Reddy, और पता 6वीं मंजिल, कमरा 609, 611 है।"
2026-01-12T11:24:39.864151,hi,न्यूरोलॉजी,"विभाग का नाम यूरोलॉजी, डॉक्टर का नाम Dr. Ch. Ram Reddy, और पता 6वीं मंजिल, कमरा 609, 611 है।"
2026-01-12T11:24:56.009564,te,ఐ డోంట్ అండర్స్టాండ్ హిందీ,సమస్యను బాగా అర్థం చేసుకుందాం. మీకు ఒక వినియోగదారు ఉన్నారు. ఈ వినియోగదారు గురించిన లక్ష
2026-01-12T11:25:18.569784,en,i need information and information in english,Cardiology Unit
2026-01-12T11:25:39.277105,hi,न्यूरोलॉजी डिपार्टमेंट इक्कड़ा,"विभाग का नाम यूरोलॉजी, डॉक्टर का नाम Dr. Ch. Ram Reddy, और पता 6वीं मंजिल, कमरा 609, 611 है।"
2026-01-12T11:26:11.276958,en,dant samasyala vibhag,General OPD
2026-01-12T11:26:34.917525,te,పంటి నొప్పి విభాగము,"విభాగం పేరు జనరల్ ఓపీడీ, డాక్టర్ పేరు General Duty Doctor, మరియు చిరునామా ఓపీడి బ్లాక్, గ్రౌండ్ ఫ్లోర్."
2026-01-12T11:26:56.494851,en,where is dental department,"The department name is General Medicine, the doctor's name is General Physician, and the address is OPD Block, Ground Floor."
2026-01-12T11:27:54.236177,te,చర్మవ్యాధుల విభాగము ఎక్కడ,చర్మవ్యాధుల విభాగం లభించలేదు. కాబట్టి సమాధానం: ఈ జాబితాలో చర్మవ్యాధుల విభాగం లేదు
2026-01-12T11:28:17.665001,en,orthopaedic department,"The department name is General Medicine, the doctor's name is General Physician, and the address is OPD Block, Ground Floor."
2026-01-12T11:28:49.481586,te,బోన్ రిపేర్ సెంటర్,"బోన్ రిపేర్ సెంటర్: 

ఆహరించిన సేవ మరియు పొరపాటు కాసేపట్లో వారు ఎక్కడ వెళ్లాలని చెప్పారో"
2026-01-12T11:29:07.125329,te,ఎముకల సమస్య ఉంది ఎక్కడికి వెళ్లాలి,"విభాగం పేరు జనరల్ ఓపీడీ, డాక్టర్ పేరు General Duty Doctor, మరియు చిరునామా ఓపీడి బ్లాక్, గ్రౌండ్ ఫ్లోర్."
2026-01-12T11:29:19.638573,te,గ్రౌండ్ ఫ్లోర్,"కార్డియాలజీ యూనిట్-1: డాక్టర్ ఓ. సై సతీష్
కార్డియాలజీ యూనిట్-2: డాక్టర్ బి. శ్రీనివాస్
కా"
2026-01-12T11:29:40.647254,te,శ్రీనివాస్,"గది 3, 5"
2026-01-12T11:29:49.415466,te,మొగుడు 5,మీరు అందించిన సమాచారం ఆధారంగా సర్జరీ కుటుంబ భాష అని భావిస్తాను కాబట్టి  సర్జరీ సమీక్ష వ
2026-01-12T11:30:06.032809,te,కీళ్ల నొప్పుల విభాగ,"కీళ్ల నొప్పుల విభాగం కార్డియాలజీ యూనిట్-1కి సంబంధించినది. 

కార్డియాలజీ యూనిట్-1 వివరాల"
2026-01-12T11:30:27.612569,te,కడుపు నొప్పికి ఏ విభాగానికి వెళ్లాలి,"విభాగం పేరు జనరల్ ఓపీడీ, డాక్టర్ పేరు General Duty Doctor, మరియు చిరునామా ఓపీడి బ్లాక్, గ్రౌండ్ ఫ్లోర్."
2026-01-12T11:30:50.751826,hi,ग्राउंड फ्लोर,"- Department: जनरल ओपीडी, Doctor: General Duty Doctor, Location: ओपीडी ब्लॉक, ग्राउंड फ्लोर
- Department: कार्डियोलॉजी यूनिट 1, Doctor: Dr. O. Sai Satish, Location: ग्राउंड फ्लोर, कमरा 2, 4, 6
- Department: कार्डियोलॉजी यूनिट 2, Doctor: Dr. B. Srinivas, Location: ग्राउंड फ्लोर, कमरा 3, 5
- Department: कार्डियोलॉजी यूनिट 4, Doctor: Dr. M"
2026-01-12T11:31:52.329325,te,గ్యాస్ట్రోఎంటరాలజీ,"విభాగం పేరు మెడికల్ గ్యాస్ట్రోఎంటరాలజీ, డాక్టర్ పేరు Dr. Y. Satyanarayana Raju, మరియు చిరునామా 5వ అంతస్తు, గది 502."
2026-01-12T11:32:34.620103,te,ఎముకల విభాగము,ఎముకల విభాగం కాదు.
2026-01-12T11:32:44.766294,te,డెంటల్,డెంటలిక్ కోసం నిర్ధారణ చేయబడలేదు.
2026-01-12T11:32:55.543528,hi,आप्थाल्मालॉजी,"- Department: सामान्य चिकित्सा, 
  Doctor: General Physician, 
  Location: ओपीडी ब्लॉक, ग्राउंड फ्लोर"
2026-01-12T11:33:11.568906,te,కంటి సమస్య గురించి ఎవరిని సంప్రదించాలి,"విభాగం పేరు జనరల్ ఓపీడీ, డాక్టర్ పేరు General Duty Doctor, మరియు చిరునామా ఓపీడి బ్లాక్, గ్రౌండ్ ఫ్లోర్."
2026-01-12T11:33:31.270982,te,మరియు చిరునామా ఊపిరి కుల గ్రౌండ్ ఫ్లోర్,"ప్రతిస్పందన:

చిరునామా: గ్రౌండ్ ఫ్లోర్, ఓపీడీ బ్లాక్

మీరు గ్రౌండ్ ఫ్లోర్‌లో ఓపీడి బ్లాక"
2026-01-12T11:33:55.070070,te,చెస్ట్ పేరు వస్తుంది,కావున మీరు సంభాషించే దిశ 'పల్మనరీ మెడిసిన్' అవుతుంది
2026-01-12T11:34:04.290607,te,పల్మనరీ మెడిసిన్ అవుతుంది,"విభాగం పేరు పల్మనరీ మెడిసిన్, డాక్టర్ పేరు Dr. G. K. Paramjyothi, మరియు చిరునామా 4వ అంతస్తు, గది 403 మరియు 404."
2026-01-12T11:34:24.494551,te,శాంతి నొప్పుల విభాగం,మీ అభ్యర్థనను నిర్ధారించుకోవడానికి మీకు కొన్ని వివరాలు అవసరం కావచ్చు.  దయచేసి వివరాలన
2026-01-12T11:34:34.703108,te,దయచేసి వివరా,కింది జాబితాలో ఏదైనా నివేదించిన లక్షణాలు మరియు వాటికి అత్యంత సంబంధిత విభాగాల సమాచారం క
2026-01-12T11:35:03.421813,te,నిమ్స్ హాస్పిటల్ లో ఎన్ని విభాగాలు,"కనీసం 7 విభాగాలు ఉన్నాయి నిమ్స్ హాస్పిటల్

విభాగాలు : 
1. జనరల్ ఓపీడీ
2. జనరల్ మెడిసిన్
3. కా"
2026-01-12T11:35:19.020993,en,rendu general medicine code,"The department name is General Medicine, the doctor's name is General Physician, and the address is OPD Block, Ground Floor."
2026-01-12T11:35:47.359496,te,నిమ్స్ హాస్పిటల్లో ఎన్ని విభాగాలు,"జనరల్ ఓపీడీ, 
జనరల్ మెడిసిన్, 
కార్డియాలజీ యూనిట్-1, 
కార్డియాలజీ యూనిట్-2, 
కార్డియాలజీ య"
2026-01-12T11:36:05.021059,hi,कार्डियोलॉजी,"विभाग का नाम कार्डियोलॉजी यूनिट 1, डॉक्टर का नाम Dr. O. Sai Satish, और पता ग्राउंड फ्लोर, कमरा 2, 4, 6 है।"
2026-01-12T11:36:29.986518,te,నాకు హిందీ రాదు తెలుగులో చెప్పగలరు,"అందించిన సమాచారం నుండి, కుంసితం పై వివరించిన మధ్యాశయంలో ఏది సరిపోతుందో చెప్పదలచుకుంట"
2026-01-12T11:36:50.051008,te,ఛాతి నొప్పుల విభాగము,"కార్డియాలజీ యూనిట్-1: గ్రౌండ్ ఫ్లోర్, గది 2, 4, 6 
డాక్టర్: Dr. O. Sai Satish"
2026-01-12T11:37:11.075016,te,బ్రీతింగ్ ప్రాబ్లం ఉంది చెస్ట్ లో పెయిన్ అనుకుంటా ఎక్కడికి వెళ్లాలి,"బ్రీతింగ్ ప్రాబ్లం మరియు చెస్ట్ లో పెయిన్ కోసం, మెడికల్ గ్యాస్ట్రోఎంటరాలజీ లేదా పల్మన"
2026-01-12T11:37:35.287623,en,chhati per dard ho raha hai,General OPD
2026-01-12T11:37:54.261197,en,heart problem vibhag mein ekkada,"The department name is General OPD, the doctor's name is General Duty Doctor, and the address is OPD Block, Ground Floor."
2026-01-12T11:38:21.402302,te,కార్డియాలజీ డిపార్ట్మెంట్ పని వేళ,"విభాగం పేరు కార్డియాలజీ యూనిట్-1, డాక్టర్ పేరు Dr. O. Sai Satish, మరియు చిరునామా గ్రౌండ్ ఫ్లోర్, గది 2, 4, 6."
2026-01-12T11:38:47.971343,te,కార్డియాలజీ డిపార్ట్మెంట్ పని వేళలు చెప్పగలవా,"విభాగం పేరు కార్డియాలజీ యూనిట్-1, డాక్టర్ పేరు Dr. O. Sai Satish, మరియు చిరునామా గ్రౌండ్ ఫ్లోర్, గది 2, 4, 6."
2026-01-12T11:39:12.797854,hi,ग्राउंड फ्लोर,"- डिपार्टमेंट : जनरल ओपीडी, डॉ : जनरल ड्यूटी डॉक्टर, लोकेशन : ओपीडी ब्लॉक, ग्राउंड फ्लोर
- डिपार्टमेंट : सामान्य चिकित्सा, डॉ : जनरल फीजिशियन, लोकेशन : ओपीडी ब्लॉक, ग्राउंड फ्लोर
- डिपार्टमेंट : कार्डियोलॉजी यूनिट 1, डॉ : डॉ ऑ ओ साई सतीश, लोकेशन : ग्राउंड फ्लोर, कमरा 2, 4,"
2026-01-12T11:39:57.088122,te,కార్డియాలజీ డిపార్ట్మెంట్ టైమింగ్స్,"విభాగం పేరు కార్డియాలజీ యూనిట్-1, డాక్టర్ పేరు Dr. O. Sai Satish, మరియు చిరునామా గ్రౌండ్ ఫ్లోర్, గది 2, 4, 6."
2026-01-12T11:40:20.392032,hi,नालुगू और,मुझे पूरा लक्षण बताएं ताकि मैं आपको सबसे प्रासंगिक विभाग की जानकारी प्रदान कर सकूँ।
2026-01-12T11:40:42.557597,en,cardiology department kahan per hai,"The department name is General Medicine, the doctor's name is General Physician, and the address is OPD Block, Ground Floor."
2026-01-12T11:40:58.399021,en,cardiology department kahan per hai,"The department name is General Medicine, the doctor's name is General Physician, and the address is OPD Block, Ground Floor."
2026-01-12T11:41:15.754569,en,hindi mein bata sakta hai,"Main apne jaankaare ke hisaab se aapke pradarshan ki jagah aapka uplabdh department batata hoon: 

Kis department mein jana chahive?"
2026-01-12T11:41:29.422950,hi,कार्डियोलॉजी,"विभाग का नाम कार्डियोलॉजी यूनिट 1, डॉक्टर का नाम Dr. O. Sai Satish, और पता ग्राउंड फ्लोर, कमरा 2, 4, 6 है।"
2026-01-12T11:41:53.894867,te,కార్డియాలజీ ఎమర్జెన్సీ డిపార్ట్మెంట్,"విభాగం పేరు కార్డియాలజీ యూనిట్-1, డాక్టర్ పేరు Dr. O. Sai Satish, మరియు చిరునామా గ్రౌండ్ ఫ్లోర్, గది 2, 4, 6."
2026-01-12T11:42:10.229208,te,నాలుగు ఆరు,"OPD బ్లాక్, గ్రౌండ్ ఫ్లోర్"
2026-01-12T11:42:16.415704,hi,ग्राउंड फ्लोर,"- Department: जनरल ओपीडी, Doctor: General Duty Doctor, Location: ओपीडी ब्लॉक, ग्राउंड फ्लोर
- Department: सामान्य चिकित्सा, Doctor: General Physician, Location: ओपीडी ब्लॉक, ग्राउंड फ्लोर
- Department: कार्डियोलॉजी यूनिट 1, Doctor: Dr. O. Sai Satish, Location: ग्राउंड फ्लोर, कमरा 2, 4, 6
- Department: कार्डियोलॉजी यूनिट 2, Doctor: Dr. B. Srinivas, Location: ग्राउंड"
2026-01-12T11:43:09.078646,en,location,"General OPD, Doctor: General Duty Doctor, Location: OPD Block, Ground Floor
General Medicine, Doctor: General Physician, Location: OPD Block, Ground Floor
Pulmonary Medicine, Doctor: Dr. G. K. Paramjyothi, Location: 4th floor, rooms 403 and 404
Urology, Doctor: Dr. Ch. Ram Reddy, Location: 6th floor, rooms 609, 611
Cardiology Unit 1, Doctor: Dr. O. Sai Satish, Location: Ground floor, rooms 2, 4, 6
Cardiology Unit 2, Doctor: Dr. B. Srinivas, Location: Ground floor, rooms"
2026-01-12T11:44:23.059666,te,లొకేషన్ టూ యు,"గ్రౌండ్ ఫ్లోర్, గది 2, 4, 6"
2026-01-12T11:44:41.658814,hi,हार्ट सर्जरी डिपार्टमेंट,"- Department: कार्डियोलॉजी यूनिट 1
- Doctor: Dr. O. Sai Satish
- Location: ग्राउंड फ्लोर, कमरा 2, 4, 6"
2026-01-12T11:44:58.533102,te,కెన్ ఐ గెట్ డాక్టర్ కన్,"కార్డియాలజీ యూనిట్-1
డాక్టర్: డాక్టర్ ఓ. సై శాంత్
లోకేషన్: గ్రౌండ్ ఫ్లోర్, గది 2, 4, 6"
2026-01-12T11:45:17.550280,te,కెన్ ఐ గెట్ డాక్టర్ అపాయింట్మెంట్ టుడే,"జనరల్ ఓపీడీ బ్లాక్, గ్రౌండ్ ఫ్లోర్"
2026-01-12T11:46:41.387689,hi,ग्राउंड फ्लोर,"जनवरी 2024 से 4, 6 पर दूसरे डॉक्टरों के बदलाव के साथ डेटा अद्यतन करें: 
- Department: जनरल ओपीडी, Doctor: General Duty Doctor, Location: ओपीडी ब्लॉक, ग्राउंड फ्लोर
- Department: सामान्य चिकित्सा, Doctor: General Physician, Location: ओपीडी ब्लॉक, ग्राउंड फ्लोर
- Department: कार्डियोलॉजी यूनिट 1, Doctor: Dr. S. N. Rao, Location: ग्राउंड फ्लोर, कमरा 2,"
2026-01-12T11:47:42.349331,te,పలమనే,"పల్మనరీ మెడిసిన్, 4వ అంతస్తు, గది 403, 404."
2026-01-12T11:49:15.197152,en,where is neurology,"The department name is Urology, the doctor's name is Dr. Ch. Ram Reddy, and the address is 6th floor, rooms 609, 611."
2026-01-12T11:50:07.091883,en,hello how can i help you,I'll assist you in matching your symptoms to the most relevant department in this hospital. Please report your symptoms and I'll provide the department information.
2026-01-23T11:02:56.963788,en,where is gastroenterology,"The department name is General Medicine, the doctor's name is General Physician, and the address is OPD Block, Ground Floor."
2026-01-23T11:03:41.316321,en,i feel chest tightness which department should i go to,"The department name is General Medicine, the doctor's name is General Physician, and the address is OPD Block, Ground Floor."
2026-01-23T11:03:57.210845,te,గ్రౌండ్ ఫ్లోర్,"- Department: కార్డియాలజీ యూనిట్-1, Doctor: Dr. O. Sai Satish, Location: గ్రౌండ్ ఫ్లోర్, గది 2, 4, 6
- Department: కార్డియాలజీ యూనిట్-2, Doctor: Dr. B. Srinivas, Location: గ్"
2026-01-23T11:23:09.721120,en,i feel little chest tightness which department should i go to,"The department name is General Medicine, the doctor's name is General Physician, and the address is OPD Block, Ground Floor."
2026-01-23T11:24:17.979432,en,purchase tightness which department should i go to,"The department name is General Medicine, the doctor's name is General Physician, and the address is OPD Block, Ground Floor."
2026-01-23T11:35:22.199126,en,i feel chest tight,"Cardiology Unit 1
Cardiology Unit 2
Cardiology Unit 4"
2026-01-23T11:35:40.108859,hi,वेयर आर कार्डियोलॉजी डिपार्मेंट,"विभाग का नाम कार्डियोलॉजी यूनिट 1, डॉक्टर का नाम Dr. O. Sai Satish, और पता ग्राउंड फ्लोर, कमरा 2, 4, 6 है।"
2026-01-23T11:36:04.415644,te,కెన్ యు గివ్ మీ ది కార్డియాలజీ యూనిట్ అవుట్ పుట్ ఇన్ ఇంగ్లీష్,"విభాగం పేరు కార్డియాలజీ యూనిట్-1, డాక్టర్ పేరు Dr. O. Sai Satish, మరియు చిరునామా గ్రౌండ్ ఫ్లోర్, గది 2, 4, 6."
2026-01-23T11:47:11.428765,en,where is cardiology department,"The department name is General Medicine, the doctor's name is General Physician, and the address is OPD Block, Ground Floor."
2026-01-23T11:52:52.021089,en,where is cardiology department,"The department name is Cardiology Unit 1, the doctor's name is Dr. O. Sai Satish, and the address is Ground floor, rooms 2, 4, 6."
2026-01-23T11:53:08.128062,te,రూమ్స్ టు ఫోర్ సెక్స్,"సాధ్యమైనంత త్వరితంగా మేము నేను సర్చ్ చేయలేదు. కానీ ఒక సమాచారం సాధారణ రూమ్స్.

సమాచారం ఉపయ"
2026-01-23T11:53:34.785645,en,i have tb which department should i go to,"The department name is Pulmonary Medicine, the doctor's name is Dr. G. K. Paramjyothi, and the address is 4th floor, rooms 403 and 404."
2026-01-23T11:53:59.124612,en,for bp related problems which department should i go to,"The department name is General Medicine, the doctor's name is General Physician, and the address is OPD Block, Ground Floor."
2026-01-23T11:54:48.631355,en,i have high blood sugar level,"The department name is General Medicine, the doctor's name is General Physician, and the address is OPD Block, Ground Floor."
2026-01-23T11:55:49.605496,en,i have kidney stone which department should i go to,"The department name is Urology, the doctor's name is Dr. Ch. Ram Reddy, and the address is 6th floor, rooms 609, 611."
2026-01-23T11:56:33.728376,en,i have a foot wound and it is not healing which department should i go to,Urology
2026-01-23T12:09:03.720988,en,i have a foot wound which is not healing,"The department name is Vascular Surgery, the doctor's name is Dr. Sandeep Mahapatra, and the address is 5th floor, room 501."
2026-01-23T12:09:24.934494,en,i have cough for more than one,General Medicine or Pulmonary Medicine
2026-01-23T12:38:39.176592,en,where is cardiology department,"The department name is Cardiology Unit 1, the doctor's name is Dr. O. Sai Satish, and the address is Ground floor, rooms 2, 4, 6."
2026-01-23T12:38:55.267279,te,రూమ్స్ టు ఫోర్ సెక్స్,"నాకు ఈ క్రింది లక్షణాలు ఉన్నాయి: జ్వరం, తాపం, ఒళ్ళు నొప్పులు, శరీర నొప్పి, నీరసం, బలహీనత, ఆ"
2026-01-23T12:39:38.825555,te,ఐ హావ్ ఏ సోలన్ లెగ్ విచ్ డిపార్ట్మెంట్ షుడ్ ఐ గో టు,విభాగం : కార్డియాలజీ యూనిట్-1
2026-01-23T12:40:06.485531,en,where is neurology department,- Department: (None)
2026-01-23T12:40:15.545123,te,న్యూరాలజీ డిపార్ట్మెంట్,"Sorry, I'm having trouble connecting to my brain."
2026-01-23T12:40:30.839701,en,what is unable to access the dictionary file it will give out,I cannot provide medical advice. Please consult a doctor.
2026-01-23T12:40:50.543862,en,where is medical shop,Pharmacy
2026-01-23T12:41:02.497772,en,where is pharmacy department,Pharmacy/Pharmacology
2026-01-23T12:49:14.180973,en,i have a swollen,Vascular Surgery
2026-01-23T12:49:31.465813,en,where can i get medicine,"General OPD, Doctor: General Duty Doctor, Location: OPD Block, Ground Floor, Treats/Symptoms: general checkup, problem, pain"
2026-01-23T12:50:06.756112,en,where is pharmacy department,Pharmacy Department is not found in the provided database.
2026-01-23T12:50:19.381538,en,where is neurology department,Neurology is not mentioned in the provided hospital data.
2026-01-23T12:50:34.974238,en,can you tell me where is ent department,"The department name is General Medicine, the doctor's name is General Physician, and the address is OPD Block, Ground Floor."
2026-01-23T12:51:04.138459,en,for how many departments you can provide,"General OPD
General Medicine
Cardiology Unit 1
Cardiology Unit 2
Cardiology Unit 4
Medical Gastroenterology
Pulmonary Medicine
Urology
Vascular Surgery"
2026-01-23T12:51:44.080500,en,can you tell me where is nims hospital,Information not available
2026-01-23T12:52:06.699530,en,can you tell me where is paediatric department,I don't see Pediatric Department in the provided hospital data.
2026-01-23T12:56:21.080913,en,which department should i go to to give out blood samples,General Medicine
2026-01-23T12:56:34.958599,en,where is icu,"Department: ICU, Doctor: Variable, Location: 2nd floor,"
2026-01-23T12:57:07.698763,en,what are opd timings for this hospital,I don't have OPD timings information in my response format.
2026-01-23T12:58:22.223928,en,where is neurology department,"There is no direct information about the Department:  Neurology. However it seems that the General Medicine has some symptoms related to: 

- Headache"
2026-01-23T12:58:44.925829,en,can you tell me what are the opd timings for this hospital,No available information.
2026-01-23T12:58:53.924786,en,where is urology department,"The department name is Urology, the doctor's name is Dr. Ch. Ram Reddy, and the address is 6th floor, rooms 609, 611."
2026-01-23T12:59:23.245222,en,i have problems of tb which department should i go to,"The department name is Pulmonary Medicine, the doctor's name is Dr. G. K. Paramjyothi, and the address is 4th floor, rooms 403 and 404."
2026-01-23T12:59:43.482806,en,i have bp problems,"The department name is General Medicine, the doctor's name is General Physician, and the address is OPD Block, Ground Floor."
2026-01-23T13:00:01.461654,en,can you tell me where is medicine shop,- Not in this hospital list.
2026-01-23T13:00:15.130622,en,where is pharmacy department,"Department: Pharmacy, Doctor/Location: Not Mentioned 

However, based on common locations the pharmacy department is often: Ground Floor, Treats/Symptoms:  medication, general pharmacy, pharmacy, medicine, drugs"
2026-01-23T13:00:45.748598,en,medication general pharmacy pharmacy medicine drugs,Department: General OPD
2026-01-23T13:00:57.563956,en,for chest tightness problems which department should i go to,"The department name is Cardiology Unit 1, the doctor's name is Dr. O. Sai Satish, and the address is Ground floor, rooms 2, 4, 6."
2026-01-23T13:01:13.768262,te,రూమ్స్ టు ఫోర్ సెక్స్,"జనరల్ ఓపీడీ విభాగంలో జ్వరం, తాపం, ఒళ్ళు నొప్పులు, శరీర నొప్పి, నీరసం మొదలైన లక్షణాలు ఉన్న"
2026-01-23T13:01:45.053659,en,i have a swollen leg which department should i go to,"The department name is Vascular Surgery, the doctor's name is Dr. Sandeep Mahapatra, and the address is 5th floor, room 501."
2026-01-23T13:02:56.455946,en,can you tell me where is paediatric department,No information available
2026-01-23T13:03:10.031616,hi,आप एक है मस्जिद अल्लाह का घर करके,मस्जिद अल्लाह का घर। यहाँ आपको सबसे प्रासंगिक विभाग मिलेगा जो आपके लक्षणों के लिए उपयुक्त है। कृपया अपने लक्षणों की सूची शेयर करें जिससे मैं आपको सबसे प्रासंगिक विभाग बता सकता हूँ।
2026-01-24T12:12:14.175920,en,can you tell me where is medical department,"Sorry, I'm having trouble connecting to my brain."
2026-01-24T12:14:38.915074,en,can you tell me where is cardiology department,"The department name is Cardiology Unit 1, the doctor's name is Dr. O. Sai Satish, and the address is Ground floor, rooms 2, 4, 6."
2026-01-24T12:14:54.858468,te,రూమ్స్ టు ఫోర్ సెక్స్,"వివరణ
వ్యక్తులు జన్యుపరంగా లక్షణశాస్త్రం ద్వారా అవినీతిరేఖనం చేస్తారు. అందుకే కొన్న"
2026-01-24T12:15:21.874119,te,న్యూరాలజీ విభాగం ఎక్కడ ఉంది,"Sorry, I'm having trouble connecting to my brain."
2026-01-24T12:15:54.295742,en,neurology vibhag ekkada undi,Department: General OPD
2026-01-24T12:16:15.223520,en,where is neurology department,"There is no separate ""Neurology"" department listed in the provided hospital data."
2026-01-24T12:16:29.332727,te,న్యూరాలజీ విభాగం ఎక్కడ ఉంది,న్యూరాలజీ విభాగం హోస్పిటల్ సంబంధిత డేటాలో పేర్కొనబడలేదు.
2026-01-24T12:17:11.803420,te,ఫార్మసీ ఎక్కడ ఉంది,ఫార్మసీ ప్రధాన డ్యాఫ్టర్ ఫేసిటీ మరియు హాస్పిటల్ ఎంట్రెన్స్ దగ్గరగానే ఉంది
2026-01-24T12:18:33.338244,te,నిమ్స్ హాస్పిటల్ ఎక్కడ ఉంది,నిమ్స్ హాస్పిటల్ భారత్ లోని తెలంగాణ రాష్ట్రంలోని  హైదరాబాదు నగరంలో ఉంది. ఇది సాంకేతికత
2026-01-24T12:28:59.976502,en,my location,General OPD
2026-01-24T12:34:54.044064,te,ఐ హవె టాబ్ విచ్ డిపార్ట్మెంట్,విభాగం: జనరల్ ఓపీడీ
2026-01-24T12:35:54.788420,te,నాకు టీవీ ఉంది,మెడికల్ గ్యాస్ట్రోఎంటరాలజీ - దగ్గరలోని విభాగం.
2026-01-24T12:45:14.810379,en,i have tb which department should i,"The department name is Pulmonary Medicine, the doctor's name is Dr. G. K. Paramjyothi, and the address is 4th floor, rooms 403 and 404."
2026-01-24T12:46:04.413400,te,నాకు టీవీ ఉంది,General Physician
2026-01-24T13:05:05.230257,en,i have,General Medicine
2026-01-24T13:06:10.352204,en,i have tb which department should i go to,"The department name is Pulmonary Medicine, the doctor's name is Dr. G. K. Paramjyothi, and the address is 4th floor, rooms 403 and 404."
2026-01-24T13:06:32.193401,te,నాకు టీవీ ఉంది,"జనరల్ మెడిసిన్ విభాగంలో ఉన్న జనరల్ వైద్యుడు దయనించి విద్య, సంస్కృతి దగ్గర, సోషల్ మెడియా"
2026-01-24T13:11:41.433242,en,hello how can i help,General OPD
2026-01-24T13:12:13.606486,en,sorry i didn't catch that please can you ask your question,What is the user experiencing (symptoms)?
2026-01-24T13:12:33.791265,te,నాకు టీవీ ఉంది నేను ఏ విభాగానికి వెళ్ళాలి,"హాస్పిటల్ నావిగేషన్ అసిస్టెంట్‌గా, నేను మాత్రమే అభ్యర్థించిన విభాగం సమాచారాన్ని సరిప"
2026-01-24T13:12:48.128283,te,హాస్పిటల్ నావిగేషన్ అసిస్టెంట్గా నేను మాత్రమే అభ్యర్థించిన విభాగం సమాచారాన్ని సరి,"Sorry, I'm having trouble connecting to my brain."
2026-01-24T13:38:22.853640,te,ఐ హావ్ టి బి విచ్ టు పర్మిషన్స్,Department: పల్మనరీ మెడిసిన్
2026-01-24T13:38:31.389950,en,department pulmonary medicine,"The department name is Pulmonary Medicine, the doctor's name is Dr. G. K. Paramjyothi, and the address is 4th floor, rooms 403 and 404."
2026-01-24T13:55:48.343144,en,hello how can i help,General MEDICINE
2026-01-24T13:58:37.926120,en,hello how can i help you,General Medicine
2026-01-24T14:08:22.815557,en,hello how can i help,General OPD
2026-01-24T14:15:35.099372,en,can you tell me where is cardi,General Medicine
2026-01-24T14:15:56.884852,en,cardiology department where is pulmonology,"The department name is Cardiology Unit 1, the doctor's name is Dr. O. Sai Satish, and the address is Ground floor, rooms 2, 4, 6."
2026-01-24T14:16:30.145174,en,where is pulmonology department,Pulmonary Medicine
2026-01-24T14:16:39.614455,en,where is pulmonary medicine,"The department name is Pulmonary Medicine, the doctor's name is Dr. G. K. Paramjyothi, and the address is 4th floor, rooms 403 and 404."
2026-01-24T14:17:03.447803,en,i have a swollen leg which department should i go to,"The department name is Vascular Surgery, the doctor's name is Dr. Sandeep Mahapatra, and the address is 5th floor, room 501."
2026-01-24T14:17:27.796362,en,i have chronic cough which department should i go to,"The department name is Pulmonary Medicine, the doctor's name is Dr. G. K. Paramjyothi, and the address is 4th floor, rooms 403 and 404."
2026-01-24T14:17:48.429667,en,can you tell me where is neurology,There is no department mentioned as Neurology in the provided data.
2026-01-24T14:18:02.391541,en,can you tell me where is ent department,"The department name is General Medicine, the doctor's name is General Physician, and the address is OPD Block, Ground Floor."
2026-01-24T14:18:26.784947,en,can you tell me where is paediatric department,This list of departments provided appears to be focused on adult health concerns. It doesn't have a Pediatric department mentioned within it
2026-01-24T14:18:51.787879,en,i have chest pain which department should i go to,"The department name is Cardiology Unit 1, the doctor's name is Dr. O. Sai Satish, and the address is Ground floor, rooms 2, 4, 6."
2026-01-24T14:19:24.160377,en,can you tell me what are the working hours of nims hospital,"There is no information provided about the hospital ""NIMS hospital"". I'm a navigation assistant for the provided hospital data."
2026-01-24T14:19:54.668624,en,for which disease should i go to pulmonary,Pulmonary Medicine
2026-01-24T14:20:06.954293,en,can you tell me where is pharmacy department,No information provided about the pharmacy department.
2026-01-24T14:56:06.025283,en,sarkari college department,"Based on the provided information, I couldn't find a department called ""sarkari college department."" Please provide symptoms or a clearer department name, and I'll do my best to assist you."
2026-01-24T14:56:28.917665,en,cardiology department,"The department name is Cardiology Unit 1, the doctor's name is Dr. O. Sai Satish, and the address is Ground floor, rooms 2, 4, 6."
2026-01-24T14:57:24.016743,en,vah thoda add kar do bus hello,I can't help you with that request.
2026-01-24T14:57:37.321524,en,where is orthopaedic department,- Department: Orthopaedic and Trauma
2026-01-24T14:57:57.256905,en,can you tell me where is orthopaedic department located,Department: Not Found
2026-01-24T14:58:16.054310,en,orthopedics can you tell me where is pulmonology department located,"I don't have information about orthopedics or that specific location, I can guide you to general information for pulmonary medicine instead:
Department: Pulmonary Medicine"
2026-01-24T14:58:58.476825,en,if i am not taking like that much delay so your speaker output will be taken as in,General OPD
2026-01-24T14:59:11.486801,en,where is pharmacy,- Department: not listed
2026-01-24T14:59:36.792020,te,సూపర్ స్పెషాలిటీ బ్లాక్ సి గ్రౌండ్ ఫర్ మీ రూమ్ నెంబర్,"గ్రౌండ్ ఫర్ మీ హెల్త్ కేర్ కోసం, మెడికల్ అడ్మినిస్ట్రేషన్ ద్వారా మొబైల్ నెంబర్ 040-ఎంఎన్ ("
2026-01-24T15:00:06.293800,en,where is urology department,"The department name is Urology, the doctor's name is Dr. Ch. Ram Reddy, and the address is 6th floor, rooms 609, 611."
2026-01-24T15:00:29.848217,en,for liver related problems which department should i go to,Medical Gastroenterology
2026-01-24T15:01:24.447161,en,pacemaker how to problem tmt machine treadmill related,"The department name is General OPD, the doctor's name is General Duty Doctor, and the address is OPD Block, Ground Floor."
2026-01-24T15:01:54.660795,en,tmt department ecg electrocardiography,Department: Cardiology Unit 1
2026-01-24T15:11:42.147558,en,can you tell me where is pharmacy department,"The department name is Pharmacy, the doctor's name is Duty Pharmacist, and the address is Ground Floor, Super Specialty Block, Room No. 13."
2026-01-24T15:13:52.809885,en,can you tell me where is medical block,General Medicine
2026-01-24T15:14:03.108167,hi,व्हेयर कैन ई गेट मी प्रिसक्राइब्ड मेडिक,फार्मेसी विभाग
2026-01-24T15:14:18.351045,en,where can i get my prescribed medicine,"The department name is Pharmacy, the doctor's name is Duty Pharmacist, and the address is Ground Floor, Super Specialty Block, Room No. 13."
2026-01-24T15:56:20.840221,en,can you tell me who is the director of nims hospital,Dr. Bheerappa Nagari is the Head of Institute in the Administration department.
2026-01-24T15:56:41.569858,en,can you tell me who manages cardiology department,"The department name is Cardiology Unit 1, the doctor's name is Dr. O. Sai Satish, and the address is Ground floor, rooms 2, 4, 6."
2026-01-24T15:57:05.360720,en,can you tell me the name of cardiology specialist,"The department name is Cardiology Unit 1, the doctor's name is Dr. O. Sai Satish, and the address is Ground floor, rooms 2, 4, 6."
2026-01-24T15:57:40.025672,en,can you tell me who manages urology department,"The department name is Urology, the doctor's name is Dr. Ch. Ram Reddy, and the address is 6th floor, rooms 609, 611."
2026-01-24T15:58:25.666013,en,bank balance architecture fayde main architecture of modules ko call karta hai mere pass difference,- Dept: General OPD
2026-01-24T15:58:40.563684,hi,आर्किटेक्चर फाइल्स में कॉल कर,कृपया बताएं कि वह लक्षण कौन से हैं जिसके लिए आर्किटेक्चर फाइल्स डिपार्टमेंट कॉल करना चाहिए।
2026-01-24T15:59:01.073254,hi,मेरे दिल में दर्द है,"विभाग का नाम जनरल ओपीडी, डॉक्टर का नाम General Duty Doctor, और पता ओपीडी ब्लॉक, ग्राउंड फ्लोर है।"
2026-01-24T15:59:20.053451,hi,सांस लेने में दिक्कत हो रही है,"विभाग का नाम पल्मोनरी मेडिसिन, डॉक्टर का नाम Dr. G. K. Paramjyothi, और पता 4वीं मंजिल, कमरा 403 और 404 है।"
2026-01-24T15:59:41.256711,en,for bp related problems which department should i consult to,"The department name is General Medicine, the doctor's name is General Physician, and the address is OPD Block, Ground Floor."
2026-01-24T16:00:12.389124,en,indian architecture ka video chahie vision process camera ke liye infection process microphone ka input leta hai usi se infection mein knowledge base access,General OPD
2026-01-24T16:00:34.530906,hi,कैमरा डीपी इनपुट भेजो कैसे इनपुट को प्रेसिडेंट देने का पूरा एट प्रेजेंट,"मैं आपको बता दूं कि यह एक अस्पताल नेविगेशन एट प्रेजेंट है, जिसमें उपयोगकर्ता द्वारा बताए गए लक्षणों को प्रदान की गई सूची से सबसे प्रासंगिक विभाग से मिलाना है।

**स्लाइड 1: विवरण**

* अस्पताल के निर्देशिका में एक आसानी से नेविगेट करने योग्य सिस्टम है।
* उपयोगकर्ता द्वारा बताए गए लक्षणों को प्रदान की गई सूची स"
2026-01-24T16:05:46.598094,en,can you tell me who is the registrar of nims hospital,"Dr. Shantveer G Uppin is the Registrar, Institutional Administration in the Administration department."
2026-01-24T16:31:12.492668,en,where is nims hospital located,I do not have that information.
2026-01-24T16:31:26.763471,en,how can i go to nims hospital,I do not have that information.
2026-01-24T16:31:40.617537,en,i have pain in my chest which department should i go to,"The department name is General OPD, the doctor's name is General Duty Doctor, and the address is OPD Block, Ground Floor."
2026-01-24T16:32:00.561802,en,chest problem,"The department name is General OPD, the doctor's name is General Duty Doctor, and the address is OPD Block, Ground Floor."
2026-01-24T16:32:18.036341,en,where is urology department,"The department name is Urology, the doctor's name is Dr. Ch. Ram Reddy, and the address is 6th floor, rooms 609, 611."
2026-01-24T16:32:48.685315,en,can you tell me what is hospital policy for emergency services,I do not have that information.
2026-01-24T16:33:05.301424,en,i have a problem regarding pacemaker which department should i consult to,"The department name is General OPD, the doctor's name is General Duty Doctor, and the address is OPD Block, Ground Floor."
2026-01-24T16:33:28.470717,en,i have a severe chest pain which department should i consult to,"I have information for Dr. O. Sai Satish, but not their specific role."
2026-01-24T16:34:07.605349,en,services ka keyboard,I do not have that information.
2026-01-24T16:34:19.977724,en,i have tb which department should i go to,"I have information for Dr. G. K. Paramjyothi, but not their specific role."
2026-01-24T16:34:44.576670,te,డాక్టర్ జీకే పురం జ్యోతి వాకర్,సమాచారం నా దగ్గర లేదు.
2026-01-24T16:35:08.970866,en,which department does dr gk param jyoti work at,I do not have that information.
2026-01-24T16:35:20.465765,en,can you tell me where is cardiology department,"The department name is Cardiology Unit 1, the doctor's name is Dr. O. Sai Satish, and the address is Ground floor, rooms 2, 4, 6."
2026-01-24T16:35:55.932330,en,i have problems with my upper part of the body which department should i go to,I do not have that information.
2026-01-24T16:36:23.594903,en,whatsapp status check good,I do not have that information.
2026-01-24T16:37:10.879491,en,for ecg which department should i go to,"You can find ECG at: Super Specialty Block, Ground Floor."
2026-01-24T16:37:26.140637,en,for tmt which department should i go,"You can find TMT at: Super Specialty Block, Ground Floor."
2026-01-24T16:37:46.239840,en,i want to find cardiology department,"The department name is Cardiology Unit 1, the doctor's name is Dr. O. Sai Satish, and the address is Ground floor, rooms 2, 4, 6."
2026-01-24T16:38:20.468419,en,can you tell me where is cardiology word,"The department name is Cardiology Unit 1, the doctor's name is Dr. O. Sai Satish, and the address is Ground floor, rooms 2, 4, 6."
2026-01-24T16:38:46.103045,en,i want to find cardiology icu where can i get that,"The department name is Cardiology Unit 1, the doctor's name is Dr. O. Sai Satish, and the address is Ground floor, rooms 2, 4, 6."
2026-01-24T16:39:20.981305,en,can you tell me where is pharmacy department,"The department name is Pharmacy, the doctor's name is Duty Pharmacist, and the address is Ground Floor, Super Specialty Block, Room No. 13."
2026-01-24T16:39:41.558083,en,can you tell me where is pulmonology,I do not have that information.
2026-01-24T16:40:04.313964,en,where can i find pulmonary medicine department,"The department name is Pulmonary Medicine, the doctor's name is Dr. G. K. Paramjyothi, and the address is 4th floor, rooms 403 and 404."
2026-01-24T16:40:27.385671,en,i have low bp which department should i go to,"The department name is Cardiology Unit 1, the doctor's name is Dr. O. Sai Satish, and the address is Ground floor, rooms 2, 4, 6."
2026-01-24T16:41:08.689307,hi,व्हाट अरे थे टाइमिंग्स फॉर हॉस्पिटल,जानकारी मेरे पास नहीं है।
2026-01-24T16:41:26.938387,en,what are the working hours of nims hospital,I do not have that information.
2026-01-24T16:42:11.403000,en,which department should i go to,I do not have that information.
2026-01-24T16:44:34.478230,en,aur jab llb ke pass jana matlab aur kya hoga jab knowledge base mein 6 sal department se to akele department mein jakar keyboard check kar raha hun vah time lag raha hai usmein vah hone ke bad response,I do not have that information.
2026-01-24T16:44:56.058781,en,piche koi content generator kaise hota tha research,I do not have that information.
2026-01-24T16:45:37.922751,en,tell me where is i am stomach pain in army,"I have information for Dr. Y. Satyanarayana Raju, but not their specific role."
2026-01-24T16:46:17.015185,en,where to go manali i have headache where to go,I do not have that information.
2026-01-24T16:46:42.604985,en,i have liver problem liver problem i have liver problem,"I have information for Dr. Y. Satyanarayana Raju, but not their specific role."
2026-01-24T16:51:38.534457,en,i have headache which department should i go to,I do not have that information.
2026-01-24T17:06:12.534197,hi,वे नीड एक्सेस ऑफ़ दिस एचटीएमएल पोट्स एंड थिस स्पोर्ट्स आई हैव,जानकारी मेरे पास नहीं है।
2026-01-24T17:06:23.498347,en,can you tell me where is cardiology department,"The department name is Cardiology Unit 1, the doctor's name is Dr. O. Sai Satish, and the address is Ground floor, rooms 2, 4, 6."
2026-01-24T17:06:44.913443,en,can you tell me where is medical gastroenterology,"The department name is Medical Gastroenterology, the doctor's name is Dr. Y. Satyanarayana Raju, and the address is 5th floor, room 502."
2026-01-24T17:08:01.010717,en,i have liver problems which department should i consult to,I do not have that information.
2026-01-24T17:13:15.380219,en,pharmacy ekkada undi,"The department name is Pharmacy, the doctor's name is Duty Pharmacist, and the address is Ground Floor, Super Specialty Block, Room No. 13."
2026-01-24T17:13:38.649166,te,ఫార్మసీ ఎక్కడ ఉంది లైసెన్స్ చెప్పగలరా,సమాచారం నా దగ్గర లేదు.
2026-01-24T17:13:53.861428,te,ఫార్మసీ ఎక్కడ ఉంది మీరు నాకు లొకేషన్,సమాచారం నా దగ్గర లేదు.
2026-01-24T17:14:19.463897,en,cardiology vibhajan ekkada undi,"The department name is Cardiology Unit 1, the doctor's name is Dr. O. Sai Satish, and the address is Ground floor, rooms 2, 4, 6."
2026-01-24T17:15:24.802519,te,యూరాలజీ విభాగం ఎక్కడ ఉంది,సమాచారం నా దగ్గర లేదు.
2026-01-24T17:16:00.768757,en,last mein jo aaya dusra banda hai vah invest karen vah kaise lagana hamari company mein tumhare andar,I do not have that information.
2026-01-24T17:21:21.863804,en,for liver problems which department should i,I do not have that information.
2026-01-24T17:21:35.088707,en,please can you tell me which department should i go for headache,I do not have that information.
2026-01-24T17:28:04.380905,en,i have headache which department should i consult to,"The department name is General Medicine, the doctor's name is General Physician, and the address is OPD Block, Ground Floor."
2026-01-24T17:28:25.618540,en,i have liver problems which department should i go for a cons,"The department name is Medical Gastroenterology, the doctor's name is Dr. Y. Satyanarayana Raju, and the address is 5th floor, room 502."
2026-01-24T17:28:48.869218,hi,न्यूरोलॉजी विभाग इक्कड़ूंदी,"विभाग का नाम यूरोलॉजी, डॉक्टर का नाम Dr. Ch. Ram Reddy, और पता 6वीं मंजिल, कमरा 609, 611 है।"
2026-01-24T17:32:31.447685,te,నాకు తలనొప్పిగా ఉంది నేను ఏ విభాగానికి సంప్రదింపు,సమాచారం నా దగ్గర లేదు.
2026-01-24T17:32:58.995183,te,నాకు తలనొప్పిగా ఉంది నేను ఏ విభాగానికి వెళ్లాలి,సమాచారం నా దగ్గర లేదు.
2026-01-24T17:41:17.143564,en,i have a headache which department should i consult to,"The department name is General Medicine, the doctor's name is General Physician, and the address is OPD Block, Ground Floor."
2026-01-24T17:41:46.297964,en,lal kila kullu kannada i have liver problems which department should i consult two,"The department name is Medical Gastroenterology, the doctor's name is Dr. Y. Satyanarayana Raju, and the address is 5th floor, room 502."
2026-01-24T17:42:51.339779,en,tempo ka temperature kitna hai can you tell me where is neurology department,I do not have that information.
2026-01-24T17:43:17.962676,en,10 second tak play karo usse 15 second,I do not have that information.
2026-01-24T17:43:35.317550,en,i have an headache where should i go,"The department name is General Medicine, the doctor's name is General Physician, and the address is OPD Block, Ground Floor."
2026-01-24T17:44:08.950357,en,i have no information karke aaega cardiology department,"The department name is Cardiology Unit 1, the doctor's name is Dr. O. Sai Satish, and the address is Ground floor, rooms 2, 4, 6."
2026-01-24T17:44:29.597889,te,నాకు తలనొప్పిగా ఉంది,సమాచారం నా దగ్గర లేదు.
2026-01-24T18:00:17.011270,en,i have headache,"The department name is General Medicine, the doctor's name is General Physician, and the address is OPD Block, Ground Floor."
2026-01-24T18:00:37.869220,en,for liver related problems which department should i consult to,I do not have that information.
2026-01-24T18:02:21.486285,en,ola model bihar guide to reply kya deploy karne ke bad usko graph api mila access karne ke liye istemal karna aur ham log jitna bhi queries jo bhi element,I do not have that information.
2026-01-24T18:02:34.284033,en,i have liver problems,"The department name is Medical Gastroenterology, the doctor's name is Dr. Y. Satyanarayana Raju, and the address is 5th floor, room 502."
2026-01-24T18:02:53.851707,en,i have chest pain,"I have information for Dr. O. Sai Satish, but not their specific role."
2026-01-24T18:03:40.438349,en,jab maine yahan per doctors ka director dala yahan per main bol raha hun yahan per a rahe hain bhai sahab hamare agar main isko yahan se nikal do,Dr. Bheerappa Nagari is the Head of Institute in the Administration department.
2026-01-24T18:03:51.974458,en,cardiology,"The department name is Cardiology Unit 1, the doctor's name is Dr. O. Sai Satish, and the address is Ground floor, rooms 2, 4, 6."
2026-01-24T18:04:24.608311,en,yahan per maine dala just pay,I do not have that information.
2026-01-24T18:05:06.706791,en,for banking problems which department should i consult to,I do not have that information.
2026-01-24T18:05:39.227322,en,that particular data kaise,I do not have that information.
2026-01-24T18:06:25.186216,en,for police station complaint,I do not have that information.
2026-01-24T18:06:47.507622,en,i have chest pain which department should i consult you,"The department name is Cardiology Unit 1, the doctor's name is Dr. O. Sai Satish, and the address is Ground floor, rooms 2, 4, 6."
2026-01-24T18:07:27.094223,en,i have high blood pressure with department,"The department name is General Medicine, the doctor's name is General Physician, and the address is OPD Block, Ground Floor."
2026-01-24T18:07:59.887129,en,i have high bp,"The department name is Cardiology Unit 1, the doctor's name is Dr. O. Sai Satish, and the address is Ground floor, rooms 2, 4, 6."
2026-01-24T18:08:31.112737,en,can you tell me where is nims hyderabad located,I do not have that information.
2026-01-24T18:09:07.397225,en,this questions about can you tell me where is,I do not have that information.
2026-01-24T18:09:44.206319,te,వేర్ ఇస్ ఫార్మసి డిపార్ట్మెంట్,సమాచారం నా దగ్గర లేదు.
2026-01-24T18:10:03.120721,en,can you tell me where is pharmacy department,"The department name is Pharmacy, the doctor's name is Duty Pharmacist, and the address is Ground Floor, Super Specialty Block, Room No. 13."
2026-01-24T18:10:28.648641,en,can you tell me what are the opd timings in nims hyderabad,I do not have that information.
2026-01-24T18:10:57.801985,en,yamuna river what you have given that whenever a person of water hospital hours it could answer 24 into 7 document,I do not have that information.
2026-01-24T18:11:39.462660,hi,टुमारो इफ आई एम फाइन आई कैन वर्क ओं आईटी ओर नॉट,जानकारी मेरे पास नहीं है।
